,tweets,user,location,polarity
0,@vividsynthesis @geostylegeo I think it is still 24 months for EVERYTHING except End Stage Renal Disease...  and th‚Ä¶ https://t.co/t3F806Ij8p,elliotjbaron,,0.0
1,The disease crumpled him https://t.co/xG50wPsd6H,2AgiPk2chKysh6N,,0.0
2,"If you have any connections to media, please send this a long.  This is a story, one where the government hides inf‚Ä¶ https://t.co/uMR37BoIug",Jon4u16,"New Brunswick, Canada",-0.05
3,No. I think your approach of changing and falsifying the reasons for contracting this disease will help us deal wit‚Ä¶ https://t.co/VV2M5Y6DY6,elCampeone,uXbRiDgE/ IslAMaBAD,0.0
4,I LOVE JEWS I LOVE JEWS I LOVE JEWS I LOVE JEWS I HAVE A DISEASE ONLY CUREABLE BY GIANT KAZHAR MILKERS https://t.co/mI5AnVNkhZ,CronaWaffen,,0.3333333333333333
5,"Plasma proteomic profiling in #POTS reveals new disease pathways  https://t.co/85AsEnRmTN

Proteomic footprint of‚Ä¶ https://t.co/K9qFbjcadO",CatchTheBaby,"Silicon Valley, California",0.13636363636363635
6,"@Beinomugisha_Iv jealousy is a disease
hatred is a waste of emotions",im_bigfish,doesn't matter ,-0.2
7,@SiyoliseT Blackquarter is an acute disease.(acute - short time) In 40 years as a vet I have seen less than 5 cases‚Ä¶ https://t.co/eiJ81zMvSO,SteynsburgVet,Steynsburg South Africa,0.2583333333333333
8,@FaizanK91 @bmj_latest @INVENT_VTE @thrombosisday @ThrombosisCan @isth @canvector Sell the disease then sell the cure. üíâüíâüíâüíâüíâ,wibeergal1,,0.0
9,@CoachyFA24 @AllezLesLions Naive is a disease,PetitKem,UK ,-0.3
10,Foot in the mouth disease https://t.co/8fkgpHQ7xe,yogeshandsuelyn,MUMBAI,0.0
11,"@iXenu @hodgetwins Yup I'm retired disabled with heart disease, asthma COPD and over weight. Guess what NO FUCKING‚Ä¶ https://t.co/pzSAVnrPjz",dandlwatson,,-0.2
12,"@LiminalWave @Srsly9911 @jralphaim @RogerZenAF @TomiLahren You are responsible for that child, and you are endanger‚Ä¶ https://t.co/804GFYSZx1",MauroDias13,"Entroncamento, Portugal",0.2
13,Tl;dr: populations that survived the Black Death show genetic selection for genes that make people more susceptible‚Ä¶ https://t.co/RnsLG4Rz5d,Lidsville,Vancouver,0.16666666666666669
14,"@robreiner Hey Rob, I would love for you to tell me if it is wrong for wanting to make America great again? Maga is‚Ä¶ https://t.co/In3w2hGV3A",MStevebeme,,0.26666666666666666
15,"@CoolestHealth Soda, Processed foods, Hot drinks are to be avoided and people with kidney disease may need to limit‚Ä¶ https://t.co/cLqGUR2QYP",Josichiz,"Abia, Nigeria",0.25
16,"Oral Probiotics: Fighting Tooth Decay, Periodontal Disease and Airway Infections Using Nature‚Äôs Friendly Bacteria S‚Ä¶ https://t.co/PNFkIRgWbt",bradtke91gmfnd,,0.375
17,@bmj_company @bmj_latest Sell the disease then sell the cure. üíâüíâüíâüíâüíâ,wibeergal1,,0.0
18,"The Mouth-Body Connection: The 28-Day Program to Create a Healthy Mouth, Reduce Inflammation and Prevent Disease Th‚Ä¶ https://t.co/iuacfHQQr1",hodkiewiczwad,,0.5
19,The Renal Diet Cookbook: How To Start a Renal Warrior Diet and Send Your Kidney Disease To Hell | 365 Days Strength‚Ä¶ https://t.co/9d8BU64wPY,hesseljab,,0.0
20,"Ethiopia: Tigray after the peace deal
‚Äî Mekele, the capital of Tigray, is in economic ruin &amp; residents are plagued‚Ä¶ https://t.co/souUvLVr0n",EthiopiaOnline,United States | Ethiopia,0.2
21,@jamie91862022 @SaharaReporters He will carry you go with Parkinson's disease to where you no know.,Kachruky2416319,,0.0
22,@Billing8605766 @VP 95% of Native Americans were killed by disease. The rest largely survived and behaved like any‚Ä¶ https://t.co/RCj2EOAwXj,thangbrandr,Washington,0.007142857142857131
23,"In these paroxysms of disease, Thomas felt brought almost face to face with death.     #‰∏ñÁïåÊùØÂ§ñÂõ¥ #‰∏ñÁïåÊùØÁõ¥Êí≠ #‰∏ñÁïåÊùØÊäïÊ≥® #‰∏ñÁïåÊùØ‰π∞ÁêÉ  https://t.co/jXpYDFURf8",danubio_joaquim,Mozambique(tete),0.0
24,"Germ theory denialism is the pseudoscientific belief that germs don't cause infectious disease.

It‚Äôs asinine.

If‚Ä¶ https://t.co/XqntiYGuBi",jonathanstea,"Calgary, Alberta",0.0
25,"Lmao, politicians are a disease https://t.co/pW8nR0w9dn",thecocoapod_,Ghana,0.0
26,"In this short migraine journey video, Kelley, an industrial engineer, shares how #concussions made her #migraine di‚Ä¶ https://t.co/zjQPu1eBoX",thedailymigrain,,0.0
27,"What would you do if aliens attacked, zombies rose , famine and disease took over  ? What would you do when the world As we know it , ended.",hurtfulearth,,0.6
28,@Eden48746114 My disease is one of the best,Carma77854077,,1.0
29,Disease often follows malnutrition https://t.co/fXKl48iH83,SueannSonnek895,,0.0
30,"Lassa fever deaths hit 178, cases now 989
According to the Nigeria Centre for Disease Control (NCDC), the number of‚Ä¶ https://t.co/PrpsbWlARD",24newspaper2,,0.0
31,suffering from day after thanksgiving disease (tummy hurts a little bit too much),vomitfan333,,0.0062500000000000056
32,@s1erra107 @pxlatedtraveler @EmilyMeganX They were looking for a place to live. They weren't here on behalf of a co‚Ä¶ https://t.co/KepzaDP0cg,NHLaVa,"Derry, NH",0.13636363636363635
33,@be_shouldnt @SelmaBlair @1capplegate It is such a terrible disease ‚Ä¶.I didn‚Äôt know they had it,exosome,"La Jolla, CA ",-0.5
34,‚ÄúBoth. But I spoke more particularly of the disease.      https://t.co/2VkxQpXz0o,EvoJhD4rdOANqhE,,0.3333333333333333
35,@KimKardashian Someday I would love to share my story w/ you. Law school when oldest child was starting medical sch‚Ä¶ https://t.co/OwCwltN4CN,shelrosas1,,0.16666666666666666
36,"@amal_almesafri This the definition of health since 1976 declared by WHO : complete physical, mental, social, finan‚Ä¶ https://t.co/c0yGJAjG8P",3rLO7xVsx3chdBj,ÿßŸÑŸÖŸÖŸÑŸÉÿ© ÿßŸÑÿ£ÿ±ÿØŸÜŸäÿ© ÿßŸÑŸáÿßÿ¥ŸÖŸäÿ©,0.008333333333333333
37,@nickmartin @elonmusk @dog_rates @DannyDeVito @WHO @AOC @Ilhan @JoeBiden Right wing extremism is Commie speak for l‚Ä¶ https://t.co/JJfF8V4lZu,veggiemeateater,DFW,0.2857142857142857
38,"@IndianEmbRiyadh 
I request you sir to rescue me from here And send me home Earliest my Health condition is not goo‚Ä¶ https://t.co/tHogsvv0WE",Adilkhan786666,,0.0
39,November is Alzheimer‚Äôs Disease Awareness Month. Here‚Äôs what you need to know to help #ENDALZ https://t.co/yVavpWXF3P via @HopkinsMedNews,DoctorKellee,"Dallas, Texas",0.0
40,What Is an Aging-Related Disease? An Epidemiological Perspective | The Journals of Gerontology: Series A | Oxford A‚Ä¶ https://t.co/y58wV7KNTj,brunovellas,"Toulouse, France",0.0
41,Internal and external use of water as a therapeutic treatment for all forms of disease https://t.co/PU7I4foV1N,lunbelane,,0.0
42,Rainy day today....spending the morning online with our @BC_EHS provincial Community Paramedics learning on their m‚Ä¶ https://t.co/MHEVtW3Ik1,Northernmedic,"British Columbia, Canada",0.0
43,Lyme disease rally does make me feel like a distressed maiden dying of consumption sometimes,maglebees,,0.0
44,"The Protest Psychosis: How Schizophrenia Became a Black Disease XAIFOCD

https://t.co/UeO251b3PA",grady70cyitz,,-0.16666666666666666
45,@GodfreyDeAcre This is a disease that can't be cured,JQPubicPTIII,,0.0
46,"@NoBritneySpears @JacobEdwardInc @LayahHeilpern It was treated as a disease with no treatment; not the 1st time, bu‚Ä¶ https://t.co/DiGdbCZ2To",SageblogOrg,#MakeBusinessSmallAgain,0.0
47,King's Disease 3 is a prime example why Nasir remains in my top 5 all time. Nigga is in his third prime lol,GJK15,Montreal,0.43333333333333335
48,This Request for information (RFI) invites comments and suggestions on the National Strategy for the Prevention and‚Ä¶ https://t.co/0Ng6kAe7ql,Lymenews,USA,0.0
49,"@taylor_r14work @srfdva @erikgmarrero Everything I don't like is a disease, trans people scare me hahaha",WitchesTeas,United States,0.2
50,Psychological Warfare always using negative bubbles that invade your mind through nano technology or a plasma disea‚Ä¶ https://t.co/7U9fyXK1em,XFilesArchives,,-0.15
51,"In a report issued Wednesday, the WHO and the CDC said millions of children were now susceptible to measles, among‚Ä¶ https://t.co/mxhQjLQvF5",KABBFOX29,"San Antonio, TX",0.0
52,"@mrrouse2040 @IdiotYankee Never had such a disease like that in my life, but then you might know about those things‚Ä¶ https://t.co/ojsMyfAN6Q",MargGayle,"41.2295¬∞ N, 73.9871¬∞ W",0.0
53,RESET-PKD: A pilot trial on short-term ketogenic interventions in autosomal dominant polycystic kidney disease https://t.co/vHJ99iDKMH,KaniaZupec,,0.0
54,@CooYuhhh @SoupOlatunji @JonahBlock05 @KSI @ishowspeedsui Y‚Äôall would die from heart disease before y‚Äôall successfully take over england,BeansAreBaked,Hong Kong,0.75
55,"@IronOmie @JustinVillemure @tlbruce1971 ""Lots of chronic illness patients take up beds as people are living longer‚Ä¶ https://t.co/TQtYiBYYcD",UppityWomanBlog,,0.0
56,@LiminalWave @MauroDias13 @jralphaim @RogerZenAF @TomiLahren One one side I see disease spreading vermin who want t‚Ä¶ https://t.co/kCtYlqPBTx,Srsly9911,,0.0
57,@Gryffone @Sarah66404654 @ElayneK21 @noodlemaz @Logically_JC Do you want more? I can keep going? I found one study‚Ä¶ https://t.co/vweTbvgxpu,Evilspawn4,,0.5
58,@LayahHeilpern I didn‚Äôt want it to exasperate my autoimmune disease I‚Äôm already trying to kick my own butt and I do‚Ä¶ https://t.co/THGR6N7fye,ginaztrump,,0.6
59,"EKG: 
- Can see previous MI, chamber enlargement, hypertrophy, conduction disease, and SVT or ventricular arrhythmi‚Ä¶ https://t.co/HPVBA3Ehsg",akhadilkarMD,"Indianapolis, IN",-0.16666666666666666
60,"Here's the video link, folks:
Dr. Aileen Marty, infectious disease expert
Florida Int'l Univ. 
1:27 in to video
...‚Ä¶ https://t.co/7SatAb7uR5",dontwantadothis,,0.0
61,"Presentation: 
- Dyspnea: earliest and most common 
- Orthopnea: more with advanced disease (90% sensitive and spec‚Ä¶ https://t.co/KHfu8t5oTs",akhadilkarMD,"Indianapolis, IN",0.24000000000000005
62,@arla108533291 If you have Lyme disease in Canada (no Lyme drs here) the USA drs write these meds as late stage Lym‚Ä¶ https://t.co/qZAaTOVNok,theowlqueen1,"Ontario, Canada",-0.3
63,"@_B___S Def yes unless somehow it will make either worse off (infectious disease, etc.)",scparks70,"Kapolei, HI",-0.4
64,Important! Opening up a whole new possibility for the role of therapeutic ketogenic diets in kidney disease‚Ä¶ https://t.co/dLK8HER3fG,lowcarbGP,,0.24545454545454548
65,"In a report issued Wednesday, the WHO and the CDC said millions of children were now susceptible to measles, among‚Ä¶ https://t.co/yr60Cr0sgX",News4SA,"San Antonio, Texas",0.0
66,I just wanna apologize on behalf of this girls father that chaperoned our 5th grade class trip. I had unmedicated A‚Ä¶ https://t.co/DgypfAezyk,xLilMags,,0.0
67,@CountDankulaTV Misinformation such as citing published information on the U.S. Center for Disease Control?,Seanstgeorge,,-0.05
68,@Penelop16297514 Alzheimer's disease is never,jrlwr2658256167,,0.0
69,@JanJekielek Interesting: I had Covid 1st week of April l2020 and developed an autoimmune disease in Sept of that y‚Ä¶ https://t.co/zOqNPYfWl6,CJalo77,"Florida, USA",0.3
70,@CJTsaiMDPhD @drspdavid @Mat_Guc @RimaPathak1 @SahgalArjun @_ShankarSiva @CharuAggarwalMD @r_glicksman @Stevechmura‚Ä¶ https://t.co/4zoCoPLeHa,rweichselbaum,,0.0
71,"@safeeyiah I mean, is this rocket science? Many young people are scared of aging, men &amp; women alike, &amp; for obvious‚Ä¶ https://t.co/EgSZpOThoo",bluetiphul,,0.071875
72,#ÂºÄ‰∫ë‰ΩìËÇ≤ The two doctors made different diagnoses of my disease https://t.co/5NMlnfpbfM,GellianCarino,,0.0
73,@geostylegeo Anything that treats a chronic or life threatening disease,WriterSelenaP,the deep south,0.0
74,@bhrenton Many MDs seem worn down b/c such confusing data &amp;seem backing away from advocacy. Is anyone looking at ou‚Ä¶ https://t.co/Z3J0kCWjV3,pamelaad116,,0.011111111111111113
75,@GOPitiful @SamCaudell @EricMMatheny Epidemiologists are useless. They deal in statistics. The CDC needed Infectiou‚Ä¶ https://t.co/EpdVV9px33,PolPhysMD,"East Coast, USA",-0.5
76,"I myself wish to be hindered by discourse stands in fact the other hand that the one, by human disease and my plaything.",rhetoric_ebooks,,-0.10833333333333334
77,"I myself wish to be hindered by discourse stands in fact the other hand that the one, by human disease and my plaything.",rhetoric_ebooks,,-0.10833333333333334
78,@heathrdawson @Jesse76330534 @bethanyshondark No. The other ones work. Meaning they protect you from getting the di‚Ä¶ https://t.co/nERPk6swe5,Cbusi1,"Germantown, Md",0.0625
79,@ztkelly @GillianMcKeith You get good money from pharma for leading people to an early death or disease? Telling pr‚Ä¶ https://t.co/lrOU4Jhbe9,AdeleMoskowitz9,,0.39999999999999997
80,Primary health care powers health systems fit for the post- Coronavirus disease world. In crises and at ordinary ti‚Ä¶ https://t.co/CSDADms57I,WBPubs,,0.18333333333333335
81,"Anything that confuses you enough is enough to destroy you. Soft heart is a disease, and deep feeling is fatal.‚Ä¶ https://t.co/nzgpdv35ix",Setsuko09779937,,-0.02
82,"‚ÄúThe Empire is a disease that thrives in darkness, it is never more alive than when we sleep.‚Äù ‚ÄîMaarva Andor really said stay woke, y‚Äôall",ashleyn1cole,,0.016666666666666673
83,@joncho_gvf it‚Äôs a disease,ageofjmk,josh‚Äôs tooth gap,0.0
84,"@Infocurioo @5Pillarsuk Your are d deviant here they don't even know what is Sado Masochism or Bandage,also they do‚Ä¶ https://t.co/cFFwe1J14o",idrisyounis,GD ü¶¢ üçù ·É¶,0.0
85,"Well stated, Sir.
Hubris is a bad and damaging disease. It should be avoided at all costs.

‚úÖ‚úÖ‚úÖ‚úÖ https://t.co/pFpaiPy8uw",Aikoges,Nigeria,-0.6999999999999998
86,@Simbojambo @BTime1978 @TakethatCt @LeeHurstComic @sircharleschase And they are not laws of science. Plus the virus‚Ä¶ https://t.co/WkXwDhrZhZ,mcfunny,"Hope, On the Horizon",0.0
87,@hey_judeah @WilliamdeVry1 I knew someone with that disease and it took 8 months to diagnose him. He was literally‚Ä¶ https://t.co/QJfaqZM3AP,eileen58378179,"New Jersey, USA",0.0
88,@vgclements1 You should read Crooked: a history of man made disease by Forrest maready! Eye opening!!,ChelseaHillier8,,0.0
89,@BohemianAtmosp1 Mid-April 2020 when I discovered Covid-19 had been removed from the high consequence infectious di‚Ä¶ https://t.co/IRBvzfQNSa,RobLancaster72,,0.08
90,I think sensitivity is a disease.,fogquote,,0.0
91,I will not be friends with a creature whose head grows in the sexual organs and whose loser body thinks? Mushroom d‚Ä¶ https://t.co/GeC52XNKA2,AYX9jsLRX1DDmXa,È¶ôÊ∏Ø,0.0
92,"@CR_1257 @ian_mckelvey The DISEASE of inadequate people. 

ü§£ü§£ü§£ https://t.co/4aZDH2PfU6",DagnySpeaks,Commiefornia,0.0
93,"@DavidThegrange Lots of alternaria in canola this year, East coast in numerous districts (incl traditional LRZ to H‚Ä¶ https://t.co/XVZcaue8wb",CaptainCanola,"Melbourne, Victoria",0.0
94,"@zippytonto @chrischirp It didn‚Äôt work, show me anything from January 2021 that said that it wouldn‚Äôt stop you catc‚Ä¶ https://t.co/EJsO7z3nzm",simongrant1,"Enfield, London",0.0
95,"Dietary Habits, Cardiovascular Disease &amp; Our Children | Nature's Real Health https://t.co/Rz5z6TTfJ2",nicktompan,"Virginia Beach, Virginia",0.2
96,"Frankly, I don't give half'a damn what lyin' Biden, Center for Disease Confusion, the State, the Pope, Phony Fauci,‚Ä¶ https://t.co/7tI4pweL6J",sr_telford1,,-0.1
97,A Closer Look at Cultural Habits for Disease Prevention | Nature's Real Health https://t.co/Rz5z6TSHTu,nicktompan,"Virginia Beach, Virginia",0.15000000000000002
98,"@LayahHeilpern My Dr. actually advised against it, as he related the link to miocarditis and my family's history wi‚Ä¶ https://t.co/F6oTxA4B5c",hodgesmichael95,"Topeka, KS",0.0
99,"Even bigger numbers then this. Teenagers are becoming mentally ill in droves. EVERY family, adult, or school knows‚Ä¶ https://t.co/KPxSsrpgPF",DrSue19380,"Pa, Fla",0.012500000000000004
100,"‚Äú#Running has provided me with a sanctuary and has been a motivating force to navigate loss, hatred and disease.‚Äù
-Marielle Hall, Olympian",RoadWanderer,"Chicago, IL",0.0
101,like 80% of you only met me after i came down with kuroto brain disease but in 2020 i was worse https://t.co/dIO2X1ziSl,DESIREGRANDPRIX,he/him 16,-0.1851851851851852
102,"Ultraprocessed Foods, Cancer, Heart Disease &amp; Mortality | Nature's Real Health https://t.co/Rz5z6TSHTu",nicktompan,"Virginia Beach, Virginia",0.2
103,D) The proponents of a hypothesis should include a mechanism that explains the events. This is sometimes hard and i‚Ä¶ https://t.co/SWy8guJ8Vo,adriancjr,"Helsinki, Rep.of Droplet Dogma",-0.2916666666666667
104,"Speaking of cursed shit, I found possibly the most broken WoW model on the armory I've seen in a while. Between the‚Ä¶ https://t.co/L5Q7kKeZT4",Rhythmcrown,Oregon,0.06666666666666667
105,@GeraldoRivera Government tyranny and woke disease.,jawflapper,Belton,0.0
106,"Down syndrome is a disease that should be eliminated, not something to be celebrated. 

Foetuses with this disease‚Ä¶ https://t.co/SXDe3IJA55",RokoMijic,Europe,0.0972222222222222
107,@gpasgma @AdamKinzinger Nah.  Cruz wouldn't be any disease as manly as jock itch.  He'd be a vaginal yeast infection.,LloydS1A,,0.0
108,@timmacdonell There are lots of studies about eating meat and correlation to heart disease.,JacqRiley,,0.0
109,"China‚Äôs 26-storey pig skyscraper ready to slaughter 1 million pigs a year.
The world‚Äôs biggest single-building pig‚Ä¶ https://t.co/zlU7DGQ8A4",Maytechummia,,0.0642857142857143
110,@theodorus_VII @john_bumblebee DDT and formaldehyde are dramatically different chemicals üß™and pollutants. Formaldeh‚Ä¶ https://t.co/zZv77gIdlR,FillmoreWhite,"Dallas, TX",0.0
111,@kvmmo1 @RobertAWiseman @mitchhayley @nilikm @CHEO In any healthcare system you can never fully meet the demand for‚Ä¶ https://t.co/G0u3GWdq3R,Elise_ekd,"Toronto, Ontario",0.0
112,depression is a disease only cured by drunk driving,cumuncher,"chicago, il",0.0
113,"You can also walk into Mainland Hospital (Infectious Disease Hospital) Yaba for physical donations. 
Thank you.",bellanifemi_,Nigeria,0.0
114,"Unfortunately this disease affects us all, part of our north east cricketing family have joined forces to fight the‚Ä¶ https://t.co/7nFGNGNLXO",SacristonCCC,Sacriston,-0.5
115,@drashokpareek @Satheesha_Cr @anilbhatortho One of the worst disease. Destroyed my youth,ritupatt,,-1.0
116,"@scally55 @BBCBreakfast @AmyGarciauk @BBCLookNorth I‚Äôm sorry, this is beyond petty &amp; small minded. @sallynugent &amp;‚Ä¶ https://t.co/Dphgzjkfqb",IanFlattTDM,"Harrogate, England",-0.375
117,@nazelnut Or perhaps diseases that affect the immune system are much more complicated than you give it credit for.‚Ä¶ https://t.co/etzP6jKUfV,expectasche,"California, USA",0.0
118,"What will be more amusing than Trump and DeSantis nailing each other for nomination, will be when Trump succumbs to‚Ä¶ https://t.co/AB8VkdtbHo",Dusklikethunder,"Boca Raton, FL",0.325
119,"The unspoken pandemics that are killing more people every year:
-Cardiovascular disease
-Cancer
-Lower respiratory‚Ä¶ https://t.co/JIShSaZXFY",drwesau,,0.5
120,@keeganc15 You should really stop eating carbs. Obesity is the number one cause that leads to disease and death in‚Ä¶ https://t.co/u22CGGhJTe,TechnicalTech81,,0.2
121,‚ÄúBoth. But I spoke more particularly of the disease.      https://t.co/hLysqXPhtJ,JL6REZ,,0.3333333333333333
122,@CalltoActivism Liberalism truly is a mental disease and this page is Proof.  I agree it's time to impeach The Big‚Ä¶ https://t.co/I3QO1yiQ8f,Jrsatty,Brooklyn,-0.05
123,"In a cohort of 470 elderly men who were followed for 15 years and were free of chronic disease at baseline, habitua‚Ä¶ https://t.co/Wli2h6ziTz",humanOS_me,San Francisco,0.4
124,Disease is usually caused by germs https://t.co/5ofWiGzIxO,ByLwsh,,-0.25
125,"@herbivore_club As if most Vegans haven't seen meat before, lol, the lengths they go to to try and trigger Vegans i‚Ä¶ https://t.co/7qF1cXPLS5",TheresaZ2019,United States,0.65
126,"@BohemianAtmosp1 The covid test tents that came up in May 2020, when hardly anyone in my country had the disease, a‚Ä¶ https://t.co/TE8p14Ocfk",Gulspurven,"Midtjylland, Danmark",-0.2916666666666667
127,Heart Disease Deaths Spiked During COVID After 10-Year¬†Decline https://t.co/VUm6iogfLs,health_forbes,,0.0
128,"@MikeSma39091654 @SparksN123 Have they gotten us down by 1/3 of the population, yet? Along with disease and faux fi‚Ä¶ https://t.co/SnQBXOsHwc",AMarti1968,United States,-0.15555555555555559
129,@RpsAgainstTrump The start of Mad Turkey disease.,RobsMuir,"Claremont, CA",-0.625
130,@simongrant1 @chrischirp It did work. You could be dead. The vaccines were only designed to prevent severe disease‚Ä¶ https://t.co/PdLrHUDDag,zippytonto,,-0.1
131,@susanleenyc @chien_kwok The civil rights of city employees were violated over a year ago with a mandate to take a‚Ä¶ https://t.co/4IfDyYVRy1,perlop,Brooklyn,0.0
132,"Modifiable Risk Factors for Alzheimer Disease and Related Dementias Among Adults Aged ‚â•45 Years ‚Äî United States, 20‚Ä¶ https://t.co/7Ap5etTGpm",Ramu_Kal,"Norcross, GA",-0.05
133,"@themac791 @ZetaZoop when HIV is a sexually transmitted disease then sure they ""just eat"" monkeys but let him believe his conspiracy theorys",Dekujunge,Deutschland,0.5
134,"Proud this manuscript is finally online! Mammoth work by Marjan Molemans, showing a second episode of TB disease in‚Ä¶ https://t.co/v3GJD4AJ0w",sabine_hermans,"Amsterdam, The Netherlands",0.26666666666666666
135,neomycin; individuals who are immunodeficient or immunosuppressed due to disease or medical therapy; an active febr‚Ä¶ https://t.co/hJkUaYFQ1s,dixonsgtusmc3,,-0.0861111111111111
136,"@Drdork74 @_B___S @CamMargue Just people‚Äôs immune systems are down ‚Ä¶

Animals carry natural germs ü¶† 

Ones like E.‚Ä¶ https://t.co/JqmMmvZVO9",Nicole51449695,,-0.02777777777777779
137,"@ClownWorld_ Being overweight is unhealthy and can lead to cancer and other health problems, including heart diseas‚Ä¶ https://t.co/JBSQBYjqj5",ExtremismIsBad,USA,-0.2625
138,@joshuaabooker @TheCoronaCure_ Well I mean technically all Malthus was really saying is that populations will reduc‚Ä¶ https://t.co/JUUslifNdL,everybodyshook,USA,-0.0375
139,cartoon mad cow disease,clownhospital,blm fuck 12 üáµüá∏üá∫üá¶,-0.37916666666666665
140,"@BonnieK81564653 @WisecarverChris @w_terrence Bonnie, to begin with it's ""you're"" and ""our."" Lmao. Moreover, no one‚Ä¶ https://t.co/n72txfeFGU",pfels1,Northern California,0.0
141,"@TMMYDXN They don‚Äôt let Brits donate blood in Canada because of mad cow disease, that sounds like a punchline but it‚Äôs true!",fionatappdotcom,"Ottawa, Ontario",-0.1361111111111111
142,"@FrankSm42564539 @j_b_kennedy Well yes I agree it‚Äôs not the cause, but that can be the result of any life threateni‚Ä¶ https://t.co/2ZDCsnvwe1",rb_long,,0.0
143,Daniele Napolitano and colleagues present an Italian study of knowledge of perianal Crohn‚Äôs disease among nurses https://t.co/xz0mpU8Rfb,GINursing,"London, UK",0.0
144,any of my disordered girlies have GERD (Gastroesophageal reflux disease) aka severe acid reflux &amp; get insanely sick easily?,philoscals,,-0.14047619047619048
145,40 pushups a day and you're less likely to have cardiovascular disease. ü•µ https://t.co/waFJmalU9V,thinkgrowcrypto,,-0.08333333333333333
146,Catch My Disease by Ben Lee on Awake is the New Sleep (New West Records) #NowPlaying,WLOYisPlaying,"Baltimore, Maryland, USA",0.13636363636363635
147,"@coniinthegarden Dr. Aileen Marty, infectious disease expert
Florida International University 
1:27 in to the video‚Ä¶ https://t.co/8n5lAr3OGN",dontwantadothis,,0.0
148,@Jean___o @RosePea38254201 @KTLA 2/3 - Vaccine: Any preparation of immunogenic material suitable for the stimulatio‚Ä¶ https://t.co/G1L9PKXNMA,mspeakay,,0.55
149,@JackSun01 @H0TROD86 @snowbird1942 @MCBama231 @RealJamesWoods Vaccines prevent you from getting a disease....if it‚Ä¶ https://t.co/vhhTyNUVG1,chainsawfeller,,0.0
150,This Nas album ü§åüèΩKings disease 3,KB_SoulVibes,on my grind,0.0
151,@kilmanybirder @BirdLife_Malta Absolutely. They are the ones that transfer the disease across the country. Ridiculo‚Ä¶ https://t.co/NzgAnhj6oB,ElfieW,"Berwick upon Tweed, England",0.2
152,@dirtknap @ScienceJerk1 @Bigbird32392741 I'm guessing you can't understand why a multifactorial disease such as can‚Ä¶ https://t.co/DcRqAVUJRR,nolablue79,"Slidell, LA",0.0
153,"@TomiLahren I'd rather die of the disease, not the cure!!!! I use ""cure"" loosely....",scottsturgeontx,"Springtown, TX",-0.07692307692307693
154,"@dowbboy Addiction is not a choice. 
It is a mental disease.",WoodyBezan,Selkirk Manitoba,-0.1
155,@DianaSandra2013 People say mbu it's no longer a disease because they gat medication which has led to it's increase,AyesigaGarry,,0.0
156,pregnancy can be a ‚Äòdisease‚Äô too,UmmulkhayrH,where the money resides,0.0
157,"About six out of 10 Nigerians lack access to quality primary¬†healthcare services, a situation that is worsening dis‚Ä¶ https://t.co/mYYrwtkQjz",mawafd,,0.4
158,@nitinbhatia121 @YouTube Ye sir richest people ka kuch selected country mai shift hona....or Disease 'X' ki bat ko‚Ä¶ https://t.co/tAEpnQSttg,PriyankSingha13,,0.0
159,"An acid made by the immune system is elevated in people who have schizophrenia, Alzheimer‚Äôs disease and bipolar dis‚Ä¶ https://t.co/Aag5NX6vb1",newscientist,Worldwide,0.0
160,"@LayahHeilpern It's just a cold to me, waiting for info on vaccine and disease, doesn't protect others, weary of governments",CondorMan2022,,-0.6
161,"@Simbojambo @BTime1978 @TakethatCt @LeeHurstComic @sircharleschase yes, several cause the common cold. others cause very severe disease.",mcfunny,"Hope, On the Horizon",-0.175
162,@PaulaC2022 @st_pax @jamesjansson @JackPosobiec I am saying deaths and sickness are down since the vaccine.  Covid‚Ä¶ https://t.co/LeQCEIPdbd,samtosane,"Valley Forge, Pa.",-0.15555555555555559
163,@soofunkedup @Jacquel36160519 @JonMQuigley @nathaliejacoby1 thousands of people made a choice to deal with all of t‚Ä¶ https://t.co/ZfIUodB4fG,happyyogi76,,0.0
164,"I keep loving bambam, is it a disease",bamignoredme,part time carat and exol,0.6
165,"""Did you saw the EARTH'S DISEASE with the money!?!""
""Hell!!!!!!!!!!!!!!!!!!!!!!!!!!!!!!!!!!!!!!!!!!!!!!!!!!!!!! Big‚Ä¶ https://t.co/FX8lPfPbEJ",JohnTravoltaBr1,,0.0
166,It was never about a virus. Nor was it about immunising against disease. It was always about what‚Äôs in the vaccine.‚Ä¶ https://t.co/35sbZbnA7I,FreedomsFren,,0.0
167,"@News_8 So, I‚Äôm assembling reports on disease- we know Asia and Africa are most lax, highest death rates, and have‚Ä¶ https://t.co/kC2l3LWB16",mintchip187,,0.5
168,"Seriously?!! Jealousy is a disease 
You ot7s need to get out of your bubble and live in reality..I‚Äôm sure RM is ple‚Ä¶ https://t.co/OD2UHFJd0s",Taekookie1130,üî•üåä,0.10101010101010101
169,@NotMcGillicuddy @VinnMo @ericmarcus @austenrox165 Yeah. Makes perfect sense. A disease was somehow Trump's fault.‚Ä¶ https://t.co/gX2DFJZKoL,colemarisa49,,1.0
170,@Ranboosaysstuff @WhenRanbooLive ranboo ive had kidney disease u might wanna get that checked out,PolybiusStars,Beyond the Stars,0.0
171,Sharing this bc seems like a good way to let ppl know what it's like having an autoimmune disease w/o having to par‚Ä¶ https://t.co/7pyEwqWLP5,jujubeee714,AZ,0.7
172,@swedishchf @richardursomd This  study shows that non jabbed do NOT get more heart issues after COVID. The health a‚Ä¶ https://t.co/jP1BGYWAh8,DorteLykke1,,0.5
173,@Classie33210386 Love - a grave mental disease,hidml2352178993,,0.2
174,making joke of a disease that killed a ton of poor people over a troll reply lmfao https://t.co/SGGdPLcPcS,FreeJuwann,,-0.30000000000000004
175,"All God it seems, is a lifelong disease. Once contracted, the
ÿü?
ŸÜŸÖÿ¥€í

üîπW77üîπ
üîπW77üîπ
üîπW77üîπ",johnobaigwa2,,-0.1
176,@Dorothy17405901 @StahmerSteve @3YearLetterman But the gum disease does!!,reccninc,The Hockey Rink,0.0
177,Sharing this bc seems like a good way to let ppl know what it's like having an autoimmune disease w/o having to par‚Ä¶ https://t.co/0i00bhUZBT,LupusChannel,,0.7
178,"The benefits of sport: sport cures depression, improve brain health, improve emotional health, fight colds and flu,‚Ä¶ https://t.co/3NZ1PFRlFa",KongoLisolo,"New York, NY",0.0
179,@whitepatrick @bethfiegerfalk Don't be bummed. Minimal disease and now you have hybrid immunity üëç,DrAliSKhan,"Omaha, NE",-0.1
180,"@handsomehugs *raises hand* ü§ö
Crohn's disease and chronic intestinal pain for the past 4 years, it is HELL, and I'v‚Ä¶ https://t.co/YmLbGXxzSM",LittleShadow47,Florida,-0.25
181,"Today we invented the die instantly disease!! My apologies to those affected, thoughts and prayers. ü´°",DRABSURDITY,icon by verxei_art || READ PIN,0.0
182,@GummiPies I saw one in Toronto but my wife wouldn‚Äôt want to move and I don‚Äôt think Canada would accept someone wit‚Ä¶ https://t.co/ZHelDmRuHJ,Autistic_Brewer,,0.0
183,@pavlovhoney1 @DavidGr67648486 @SolNataMD No. Just ineffective for the average person even seniors. The flu isn't a‚Ä¶ https://t.co/g776UFw6Of,kanibalgrumpy,,-0.15
184,WaterAid scales up WASH facilities for disease prevention at Uganda/Congo¬†border https://t.co/S3NGmb8pm9,dmcnewzSA,"Pretoria, South Africa",0.0
185,When you‚Äôre a kilo above 55 and they refuse to high five you to not get infected by fat disease,Yeonitgirl,Twice + 2nd gen ggs | she/her,0.08
186,@jesswanderland @Timcast @elonmusk No. Not everyone who criticizes it. BUT yes the science is absolutely settled th‚Ä¶ https://t.co/xIfovtLp2z,misguidedsoul7,"But first, we sanitize.",0.2
187,@JamesMelville there can never be something right w us&gt;&gt;there always has to be something wrong&gt; Fear is the disease,ByteComics,Earth Realm ,-0.10714285714285715
188,@ZExplicit305 @misguidedsoul7 @Timcast @elonmusk I thought vaccines were supposed to stop the spread and prevent yo‚Ä¶ https://t.co/OZVYG96nrJ,jesswanderland,,0.0
189,Of all the things I've seen Nothing will ever seem As clean as my disease I rinse my hands of thee,MrKittyLyricBot,,0.3666666666666667
190,@kennydojo @janesherrard1 @disclosetv It is very plausible. We‚Äôre opening Pandora‚Äôs box messing with one of our mos‚Ä¶ https://t.co/2lXu6cL4pI,Fishyfish666,,0.65
191,Unexperienced conditions that may worsen your healt and put your income also in jeopardy and you already have a non‚Ä¶ https://t.co/mVj2AMZU1o,Me_And_Sport,"Johannesburg, South Africa",0.0
192,"https://t.co/drfyfXq2VA Forum:  Can stress make celiac symptoms worse?: Hello, thank you for your answer. I though‚Ä¶ https://t.co/dkQ7mOaiQz",celiac_disease,"Santa Rosa, California, USA",-0.4
193,"@OHareJamie @PaulHiatt42 @a_0wl_ @peterboghossian Now you're making assumptions. 
I wouldn't classify myself a Trum‚Ä¶ https://t.co/HfzMJQpHoq",deniwerk,Mitten State ‚úã ,0.0
194,"With Blount's disease, the affected bone curves in or out and forms the usual archer's bow which can also be called bow legs.",BowLegsCorrect,,-0.25
195,it is with great sadness that i have been diagnosed with buying myself a little gift every time i get someone a christmas present disease,emmaquesadilla,cooperstown on a bad bet,0.2041666666666667
196,"@unhingedricebow @flyeuon @mitrovitech @TrollFootball Mad cow disease has gripped the minds of the Indians
This con‚Ä¶ https://t.co/gbeAAeJKzM",TareQGilgamesh,ÿßŸÑÿ¨ÿ≤ÿßÿ¶ÿ±,-0.37916666666666665
197,"A combination of factors, like lack of health insurance &amp; high costs of medical care, mean people w/ low incomes ar‚Ä¶ https://t.co/IFWrHcFxBR",SelfMadeHealth,"Hampton, VA",-0.038125
198,"@LayahHeilpern Had Wuhan flu Oct 2019. Worse flu ever, but in 10 days I was fine. Still have high antibodies and ha‚Ä¶ https://t.co/r74Og0v8gd",Gene65097987,,0.058888888888888886
199,Lung cancer screening is covered by most health insurance plans for people 50-80 years old with a history of smokin‚Ä¶ https://t.co/dfYdn25mmS,MassDPH,"Boston, MA",0.3
200,"Blood group can predict risk of contracting viral disease 

#MedPub #EpidTwitter #MedEd #Epidemiology
https://t.co/t2WIPx2WZ4",MedPubEpid,Look here üëâ,0.0
201,‚òëÔ∏è November #CJCPC Article of the Month from Editor-in-Chief @BCCHHeartCentre. Effects of 12-Week Home-based Resist‚Ä¶ https://t.co/aIlHMoKXUB,SCC_CCS,"Ottawa, Ont",0.0
202,New insights into the mechanisms behind Crohn's disease point to potential therapeutic target‚Ä¶ https://t.co/yBO41XUcud,BottinoAltamiro,,-0.08787878787878789
203,@CommonSenseMD1 It's not an either or since the jabs neither prevent transmission NOR disease.,Eghtyslady,,0.0
204,@Bundlehofjoy @VictorIsrael_ Says a man who can‚Äôt see the very overt signs of Parkinson‚Äôs disease and possible Lewy body dementia.,KINGSEUSTACE,Australia,0.1
205,Happy National Flossing Day! Flossing is an important step in keeping your mouth healthy. Daily flossing works to p‚Ä¶ https://t.co/JMpe9ZWe3Y,CrosbyDentistry,"2154 Harden Blvd. Lakeland, FL",0.42500000000000004
206,"Dry Eye Disease effects 40 million americans, and most of them are unaware of their issue. Here are some tell tale‚Ä¶ https://t.co/z6HOopZzNB",getnulids,,0.14444444444444446
207,"@Aussieinvader1 New-fangled veg seed oils are a root cause of widespread chronic disease, including both cancer and heart disease.",DietHeartNews,"Texas, USA",0.13636363636363635
208,"If you have unexplained symptoms or have a family member with celiac disease, complete the Symptoms Assessment Tool‚Ä¶ https://t.co/gs1DMyxNnx",CeliacDotOrg,"Woodland Hills, CA",0.025
209,"@PaulNjeule @amerix I don't want to be running behind dm and hypertension thats why i quit sugar.
I can't remember‚Ä¶ https://t.co/pPpQCg3dcQ",domie_manthi,kilungu,-0.4
210,ICYMI ‚Ä¶ 8% to 20% of people never floss! Join the group that prioritizes their oral health by flossing daily. It re‚Ä¶ https://t.co/wFeBhuuES0,DeltaDentalInst,,0.0
211,"@jaxtruthtalk @Anawfulthirst @WajahatAli Mmhmm. Who's livelihoods were ""destroyed"" by the govt's soft mandate? Vax‚Ä¶ https://t.co/vW9XObyf7P",RobinMelz,United States,0.1
212,"Lung cancer screenings can detect cancer early, leading to better treatment outcomes. Learn more at‚Ä¶ https://t.co/Qe7yEIfGAc",KitsapHealth,"Kitsap County, WA",0.3666666666666667
213,New Research: SNP-based bulk segregant analysis revealed disease resistance QTLs associated with northern corn leaf‚Ä¶ https://t.co/D3LT2uIG82,FrontGenetics,"Lausanne, Switzerland",0.13636363636363635
214,"@laurenancona @iseeuliars @elizejackson Ok, than you were one. I don't care if you want to where one, but we don't‚Ä¶ https://t.co/oxp3ZMnecB",AngVern,"North Carolina, USA",0.5
215,Used especially of a disease https://t.co/EK0dHcXu1f,danisputra17,,0.0
216,"Celebrate #HeartMonth with us and @womencvdcomm in February 2023!

The February 17th half-day symposium with leadin‚Ä¶ https://t.co/hoZAWVpW7v",WomenAs1,,-0.16666666666666666
217,Symptoms of diabetes can develop quickly. Recognizing them can help you get the disease under control. Learn more a‚Ä¶ https://t.co/572GwX2gN1,HealthyBlueMO,"St. Louis, MO",0.41666666666666663
218,Symptoms of diabetes can develop quickly. Recognizing them can help you get the disease under control. Learn more a‚Ä¶ https://t.co/ysuQ2BvSyO,HealthyBlueNE,"Lincoln, Nebraska",0.41666666666666663
219,Symptoms of diabetes can develop quickly. Recognizing them can help you get the disease under control. Learn more a‚Ä¶ https://t.co/7mveOpmSyA,HealthyBlueLA,,0.41666666666666663
220,"@drsajjadkahn Exactly, they need to carry out more testing especially in the vulnerable population‚Ä¶ as timely testi‚Ä¶ https://t.co/vqktF0S80k",sheen01,,-0.08333333333333333
221,"Paraquat is a weed killer known to cause Parkinson's disease.

Reach out today for a FREE case evaluation if you ha‚Ä¶ https://t.co/o5vz0F6T3c",myrtleinjurylaw,"Myrtle Beach, SC",0.4
222,"Reprogramming the Brain‚Äôs Cleaning Crew to Mop Up Alzheimer‚Äôs Disease

Researchers used CRISPR gene editing to cont‚Ä¶ https://t.co/zrOfbknAz0",kylahealth,"San Jose, California",0.0
223,#Autoimmune Disease- just a few of the symptoms and diseases https://t.co/iLN0uApnLI,AutoimmuneList,,-0.2
224,Women are more likely to develop Alzheimer‚Äôs and to be caregivers for those living with the disease. https://t.co/Lm7KeUxkhx,Suntimes,"Chicago, IL",0.25
225,"While soccer was Gavin's passion, a life-threatening diagnosis forced him to stop. But it didn‚Äôt stop him from maki‚Ä¶ https://t.co/3xcmJc5nbF",pediatrix,"Sunrise, FL",-0.30000000000000004
226,"Have you heard of chronic obstructive pulmonary disease? November is #COPDAwarenessMonth, so it‚Äôs the perfect time‚Ä¶ https://t.co/HxnxxttLg1",MedRXFL,,1.0
227,"Have you heard of chronic obstructive pulmonary disease? November is #COPDAwarenessMonth, so it‚Äôs the perfect time‚Ä¶ https://t.co/5kQNNmt0Y8",MedRxLA,,1.0
228,@MTPHereToHelp @iAroosaAhmed All over mumbai spread of this #nhijana disease,PANDEYVIVEK1998,"Mumbai, India",0.0
229,"@AnnClar70178059 @PeterSweden7 Yes they do, in protecting life and stopping deadly disease",rbotlw,"South East, England",-0.2
230,"Modifiable Risk Factors for Alzheimer Disease and Related Dementias Among Adults Aged ‚â•45 Years ‚Äî United States, 20‚Ä¶ https://t.co/D5z2UUNEZM",Ramu_Kal,"Norcross, GA",-0.05
231,"@Jusrangers The ""rebound"" evidently is nothing other than the rebound from Covid itself. Typically, after symptoms‚Ä¶ https://t.co/NbyV8vscm1",CovidInquirer,,-0.013888888888888886
232,"gaucheri: gaucheri: The night gardener once asked me if I knew how citrus trees died: when they reach old age, if t‚Ä¶ https://t.co/hdzlMjmVLv",kiyote23,"Des Moines, IA",0.1
233,@ezkappdo @fitterhappierAJ Re: AIDS ‚Ä¶ except this one is now in ~80 percent of people. This is why I think it's VER‚Ä¶ https://t.co/wfFToSGJKN,hayapalooza,,0.0
234,@aymen_kahn your is the bad faith interpretation where you are trying to link the Sindh issue with the Islamabad on‚Ä¶ https://t.co/sHX6gJFvne,elCampeone,uXbRiDgE/ IslAMaBAD,-0.6999999999999998
235,"Dr. Abby Griffin: Do it. Kill me like you killed the other doctor. Put us both out of our misery.

Paxton McCreary:‚Ä¶ https://t.co/FPCJVAqmOQ",DoubleTapAgain,Hell,-0.1625
236,"November is Alzheimer's Awareness Month!

We would like to recognize @alzassociation  , @PreventAD, and‚Ä¶ https://t.co/opNK9GuDhN",charitableauto,United States,0.0
237,"The best way to prevent #flu is to get vaccinated, but healthy habits like covering your cough and washing your han‚Ä¶ https://t.co/XVtHBXcdsE",nkyhealth,"Florence, Ky.",0.75
238,"Plummeting #measles vaccination rates should set off every alarm. 
 
This is a deadly, yet preventable disease, and‚Ä¶ https://t.co/67YI8axlcO",e_cousens,"Washington, DC",-0.2
239,"@ericsfedup If I understand dementia,,, you have to have a brain before it enters the Twilight Zone. No to demean t‚Ä¶ https://t.co/uRynKEZM28",PeasoupJA,,0.0
240,@oldmountainman3 @SangraalCoin @LakotaMan1 Why do you keep saying ‚Äúso called‚Äù?  Are you a Holocaust denier as well?‚Ä¶ https://t.co/RQd3RLdsez,bilbobuggins,,0.0
241,@BrittnyAnderso @Dave_Eby Yikes. Guessing that meaningful work does not include studying the physics of airborne di‚Ä¶ https://t.co/YEvJgP2wXA,beansprouts_mom,"Vancouver, British Columbia",0.5
242,@Storm4Congress @catturd2 @Twitter I posted on truth and the content was removed . How about that for free speech .liberalism is a disease .,eddez8,,0.4
243,@reynoldsgareth My favorite sides are mashed potatoes and the mass disease Europeans brought with them that killed‚Ä¶ https://t.co/VaVWVP0cRU,kerissaward,"Pekin, IL",0.15
244,@LayahHeilpern Heart disease üíâüíâüíâ https://t.co/42HRKaxuGd,NOT5607,,0.0
245,My real brother wasn‚Äôt that stupid- he wouldn‚Äôt of done that. He even told the court- I‚Äôve been on programs trying‚Ä¶ https://t.co/XaV1j63vFa,InsaneLymeBrain,Texas,0.2
246,@shems_silly @alexkisterr disease of my huge nuts,underscoregioo,my room,0.4000000000000001
247,This is an in depth article about the scientist who correctly insisted that honosysteine‚Äîproduced in body in excess‚Ä¶ https://t.co/lpv6MeJYcf,Incindery1,NYC,0.0
248,@Hit_Boy The king gon have a disease by then üò≠üòÇüòÇüòÇ,battlerapfan94,,0.0
249,"@geraldcelente Not if people Get #BehindTheWoodshed 

But to date, they have not. They have not insisted on the fai‚Ä¶ https://t.co/40MwcM0MV5",BehindaWoodshed,www.reallibertymedia.com/ Ch 2,0.0
250,"@ScienceBotikus Science is amazing. For instance:  A salmon-rich, low cholesterol diet means that Inuits rarely suf‚Ä¶ https://t.co/v5CAwCgA2Y",Sedroid404,"Glassboro, NJ",0.31875000000000003
251,"DID YOU KNOW?
Half of the men who die suddenly of coronary heart disease had no previous symptoms. Even if you have‚Ä¶ https://t.co/tnY4Hg6fYd",masonparkclinic,"21770 Kingsland Blvd, Katy, TX",-0.027777777777777776
252,@underscoregioo @alexkisterr That sounds like a disease,shems_silly,all pronouns! including neo.,0.0
253,@PeaceOfMind_123 From LgüÖ±Ô∏èt disease,__p_a_r_a_m_,,0.0
254,@Amos_kcaz @Valenthorpe @Shawn_Sayz @The_HBoriginal @buttonslives love how you know what a disease is better than doctors‚Ä¶,gogfrommagog,,0.5
255,"@TGFinchGardens Thank you, awful disease!",ColinMoat1,Wrotham Heath,-1.0
256,HIV disease resulting in other diseases,HourlyDeath,Everywhere,-0.125
257,@JFRd2016 @RaneemRasheedP1 @AJEnglish They are a disease which the people will cleanse,Trist190,,0.0
258,He nailed it! I prefer to call Trump the Antidote! The ‚Äú stronger the disease‚Äù the the‚Äùstronger the medicine to cou‚Ä¶ https://t.co/WKeV4MeBx6,MzConstitution,Arizona USA,0.0
259,"Developed by #certified #diabetes professionals, our interactive #quizzes will help you understand the disease by t‚Ä¶ https://t.co/7OwDwlScY1",PacMedWA,Puget Sound Region,0.1
260,@brent858 @JoshLevs You‚Äôre a perfect example of why populism is a disease. You‚Äôre willing to abide the most vitriol‚Ä¶ https://t.co/cc0mHisVbz,HowardA_AtLaw,"New York, USA",0.5833333333333334
261,"@Holby_Hospital Your good actor too good got this crap, did they remember you had huntingdons disease",monkeygirl1939,,0.7
262,@april_downton @MeghanMcCain Tell small business owner‚Äôs the same thing. Biden is a disease.,StitchW_AGlitch,"Honolulu, HI",-0.125
263,The way I get mentally lazy in December has to be a disease!,daughterofyeni,,-0.25
264,@desola_xn Is it disease free?,Banfort8,,0.4
265,@sansethwa Just interested how many disease I have...,mintonyou,,0.375
266,"myocarditis is a shortened life with life long heart disease, failure. Let that sink in. https://t.co/pa4EURyBtY",tannngl,PA,-0.18333333333333335
267,"@dgurdasani1 @lisybabe The Thrombosis Research Institute (TRI) was founded in 1989 by Professor V.V. Kakkar, one of‚Ä¶ https://t.co/M9ALmmMuXZ",CurlyClareToo,"Socially distant Faversham, UK",0.0
268,Data on COVID-19 vaccine dose 6 and the Health Canada approved bivalent products have been added to our Ontario COV‚Ä¶ https://t.co/aYI850W3BC,PublicHealthON,"Toronto, ON",0.0
269,"@tyranycommentor @666isMONEY @KimDotcom We have known from early on Covid is an endothelial disease.

https://t.co/ShehwRvrAV",LongCovidNews,long covid hell,0.1
270,Blood group can predict risk of contracting viral disease https://t.co/qqd8xR7k5F,Monarchglobalh,,0.0
271,"@Reuters Fuck the inhuman and unscientific #COVID19 #ZeroCovid policy, people can‚Äôt go to work,children can‚Äôt go to‚Ä¶ https://t.co/01clajnmEF",hippohippoiou,,0.0
272,"At the World Vaccine &amp; Immunotherapy Congress West Coast 2022, Lesley Stolz joins the plenary session to shine a li‚Ä¶ https://t.co/PjshQ48Afc",JNJInnovation,,0.0
273,@lightsupIive jealousy is a disease and i have it https://t.co/EaCyVxuRTl,goldendiesell,arab she/her,0.0
274,"As next steps, together with the advanced molecular diagnostics lab at @UHN we have developed a CAP/CLIA approved t‚Ä¶ https://t.co/HEJDbh60EV",nicholslab1,"London, Ontario",0.16666666666666666
275,"Hmmm, why so angry? Comfortable clothes, the car you drove there in? NOT freezing your ass off sleeping on the mudd‚Ä¶ https://t.co/h8QexcGB5e",Nerdyredneckrob,Texas,-0.04999999999999999
276,Scientists Discover a Gene That Could Prevent Alzheimer‚Äôs Disease https://t.co/UVtYVnAB8L #Health #Alzheimers‚Ä¶ https://t.co/j2nQ3vNKNc,V_TBot,info@vitalytennant.com,0.0
277,"@WilliamdeVry1 As someone who has taken care of a parent who fell victim to ALS, it is a illness that steals everyt‚Ä¶ https://t.co/pBACB89K9z",BultmannTammy,,-0.07500000000000001
278,both r a disease https://t.co/OStc9YRYDj,amaizhanlu,üá≤üáΩ spa/eng,0.0
279,"FEAR IS A DISEASE.
FEAR IS A DISEASE.
FEAR IS A DISEASE.
FEAR IS A DISEASE.
FEAR IS A DISEASE.
FEAR IS A DISEASE.
F‚Ä¶ https://t.co/3i3rFhoqUL",_gg_eashwarran,,0.0
280,Just saw a Frenchman who thinks running a meme page makes him a celebrity try to claim that having cats outdoors sh‚Ä¶ https://t.co/lfEbffrp1Q,Creepin_Jesus,Ireland,0.0
281,@TheSun Cut the waffle &amp; do something positive for the millions of Cancer sufferers in the UK. Where's the Campaign‚Ä¶ https://t.co/I7BbFT9uib,RobMcGuire4,,0.22727272727272727
282,@reallifesamus I'm dying from disease,TCLegacy06,"Cutsceneville, Ohio",0.0
283,"@BermondScoggins @ryancbriggs @economeager I don't know, is there? Is it weird to compare different health interven‚Ä¶ https://t.co/gsbh9OKnox",MichaelDPlant,"Oxford, England",-0.25
284,"So on the humorous tip, when an American remarks: ‚ÄúEuropean people make me sick with their racism,‚Äù take it literal‚Ä¶ https://t.co/IeLZNNZNtT",SRunningcloud,United States,-0.053571428571428575
285,@Y0ONGRRY jealousy is a disease &amp; im infected üòû,vintagekermit,being as lgbtq+ as i want,0.0
286,‚ÄúOur plan is to create a crowd-sourced review site for all health facilities and health providers in Africa. We wan‚Ä¶ https://t.co/L77c4woaTr,vanguardngrnews,Nigeria,-0.2
287,"@ChrisEdler3 @yggiz54 @akheriaty 3/3 Also primary care providers do Pap Smears, treat heart disease, treat BiPolar‚Ä¶ https://t.co/3yZVj9KXPp",BrainyBlondePAC,,0.4
288,Overthinking feels like a disease,1mescudi,Dallas,0.0
289,"CMV or HHV-5

C in CMV is for: 
- COW‚Äôs eye appearance
- (most common cause of) CONGENITAL disease 

‚ÄúCyto-‚Äù which‚Ä¶ https://t.co/qTyoD444Gr",naomibhojwani,"Terre Haute, IN",0.022222222222222237
290,"Threats just pile up. Habitat loss, hunting &amp; predation, disease and weeds. Now climate change is layered on top. W‚Ä¶ https://t.co/I9weWWXsVS",KiwiFarah,New Zealand,0.5
291,"It was an honor and pleasure meeting Dr William Novick at Sheikh Hamdan Awards Ceremony in Dubai. 

Dr Novick was a‚Ä¶ https://t.co/G3zWF3w37U",Dr_Gulfaraz,,0.0
292,@SueGrah456 @DoctorRach13 Higher incidence in low income &amp; tropical countries -aboriginal populations develop skin‚Ä¶ https://t.co/vngthq4GPI,DocWongers,,0.125
293,"Oh, you'll never get rid of me! I'm like a fucking disease, i'll make a home in your gut 'cause it's somewhere warm to sleep!",bloodcoric,,0.04999999999999999
294,"@SoulGhuram @BiskyRusiness Listen, holding out for 500 years against a technologically superior force after losing‚Ä¶ https://t.co/IpO2KgXq4g",Alec51100718,,0.7
295,"Bleak winter low temperature, to prevent a cold disease.",AdolphMiddleto8,,-0.5333333333333333
296,"@jenm_34 @CTVNews The flu vaccine is good this year, for me anyway. I recommend it. RSV looks pretty horrible. I‚Äôd‚Ä¶ https://t.co/qIF0owrqZN",do50628722,,-0.01666666666666668
297,"@tannielover1 Yesss, tho jealousy is a disease and I suffer from that",lesjoonjk,boraland,0.0
298,@blakeflayton Liberalism is now a Mental Disease.,cindy23sue,,-0.1
299,"@ericsfedup I thought dementia was a disease of the brain.
How could that apply to @robreiner?",JamesKe33691032,,0.0
300,"@JaneJohnsonBakr @KarenJu62258050 Help us develop an early warning system for disease detection, save lives and fur‚Ä¶ https://t.co/m6DdN3XYe7",gawdyhall,,0.1
301,"@PalmerReport Calls us ‚ÄúNazis, White Supremacists, Domestic Terrorist Extremists, Enemies of The State,  Kremlin Ag‚Ä¶ https://t.co/BVfJkA7klq",JamieDuffDevOPs,Louisville Ky,0.0
302,@American555Girl So sorry to hear this. I went through the same thing with my Mom. She passed away in 2001. Terribl‚Ä¶ https://t.co/OA4i24BgPA,brakinggnus,Limbo,-0.25
303,"@soleserver @Goddess_CIeo He has a rare genetic makeup with two copies of the APO4 gene, which is thought to have a‚Ä¶ https://t.co/Mbpzox4XeK",Renquist101,North,0.3
304,@hernantrout @cognitivenomad @HartZ677 @miss_pissyy You need to go to a doctor. That sounds like Peyronie‚Äôs disease,DevilishPharoah,,0.0
305,Having a severe auto-immune disease is weird because you always know whats gonna kill you even if you don‚Äôt know wh‚Ä¶ https://t.co/fLv8MnC6VP,violencedennis,"Los Angeles, CA",-0.5
306,"@ianmac67_SE 'Minus the death, disease, shelling, angry Germans, angry Tommies, et al' should be in the small print.",J_O_Holliday,York,-0.3375
307,the rage i experience when someone refers to T1D as a sugar disease in front of my face,startenderzz,,0.0
308,COVID: Too Much Salt &amp; the Immune System | Nature's Real Health https://t.co/tzY4xGTYj5,nicktompan,"Virginia Beach, Virginia",0.2
309,The Microbiome for Disease Prevention | Nature's Real Health https://t.co/S0ewvDaDpA,nicktompan,"Virginia Beach, Virginia",0.2
310,@Autismville @ThatEricAlper Horrible disease. So cruel! Sorry about your dad üíîüíô Thank you for your prayers üôèüíõ,mez_meriel,,-0.8333333333333334
311,"@__DigitalDealer https://t.co/YPLb9jpKco
‚ÄúCovid19‚Äù
$ETH 0.15

In this gallery, I photographed the covid 19 pandemic‚Ä¶ https://t.co/Za7hW7icm9",enginayyildiz28,Gƒ∞RESUN,0.0
312,@RealDutchsinse I was already vaccinated in the 1970‚Äôs for polio and such like most kids. We were lined up and give‚Ä¶ https://t.co/DY7QEzSIyo,TheatrePS,"Palm Springs, CA",0.25
313,Are You Feeding Your Children Processed Foods? | Nature's Real Health https://t.co/ezMDLu48kA,nicktompan,"Virginia Beach, Virginia",0.2
314,The Microbiome &amp; Cardiovascular Disease Prevention | Nature's Real Health https://t.co/ioEFHIASqE,nicktompan,"Virginia Beach, Virginia",0.2
315,"The ads are annoying as heck, dick pills, indigestion pills, heart disease pills, Ford truck, health insurance, joi‚Ä¶ https://t.co/7LNmSKp1qJ",OpolotNoah,"kampala, Uganda",-0.8
316,I stand by this forever I cannot change my mind set around this as I was not born with a virus or name it a disease‚Ä¶ https://t.co/lVuRYyNo0R,Me_And_Sport,"Johannesburg, South Africa",0.0
317,@FBICleveland Francis #Collins tells Tony #Fauci he is ‚Äúinterested in the proposal of accidental lab passage in ani‚Ä¶ https://t.co/FTJoszQQen,AMK_PhD,"Florida, USA",0.25
318,"@MTW2478 @sharemyopinion No, I do. And go check the update from the CDC back in 07/22, they knew then that it didn'‚Ä¶ https://t.co/R96tGDahlO",AndreasKarakas,"Richmond, British Columbia",0.0
319,@bugason_aliga Biggest climate killer is tropical disease.  When everywhere is tropical - tropical disease will be everywhere,JimBowersclimb,,0.0
320,"During the final talk of the day, @fidemiron shared an overview of her life with a rare disease. She kept thanking‚Ä¶ https://t.co/642xJzCKoH",CnicPhday,Madrid (Spain),0.15
321,"""I had a drink and then a drink had me."" 

In these pages you will walk through my journey from the depths of my di‚Ä¶ https://t.co/Nq7By1hYvb",Innovopress,,0.0
322,"Widespread Disease's new video clip will be released the 2nd of December on Slam Worldwide's YouTube channel, we ca‚Ä¶ https://t.co/39ITB0MF4x",lolo_new_compte,France,0.06818181818181818
323,"@SagED_UP ""If you're afflicted with the disease-to-please, I have 2 words of advice: STOP IT.""",JosefLCoffey1,SE,0.0
324,@LisaGillingAB Your post came across my newsfeed today. I read through your pior post of the past month or so. Your‚Ä¶ https://t.co/zEMi67QD0Y,jodi_kubiak,,-0.25
325,"@musicstruggles1 Christianity is a disease, but actually I‚Äôm in love with her",PeripheralDope,,0.5
326,‚ÄúBoth. But I spoke more particularly of the disease.    https://t.co/nHZpsCZmGQ,gshhizhngtngfn1,,0.3333333333333333
327,"@LouisvilleGun Calls you ‚ÄúNazis, White Supremacists, Domestic Terrorist Extremists, Enemies of The State,  Kremlin‚Ä¶ https://t.co/PiEQajjzso",JamieDuffDevOPs,Louisville Ky,0.0
328,The English disease again https://t.co/EkJxnQL9O8,Guysley,L E E D S ,0.0
329,"@Larke98 I managed to eat a not homemade pizza, to feed the disease and kill it with tomato sauce! ü§£",Jean_olivier_73,"Nice, France",0.0
330,Imagine a day when every patient‚Äôs care is targeted to overcome unique genetic changes driving their disease.‚Ä¶ https://t.co/m2HYh7HbjG,MikeGoodMD,"Salt Lake City, UT",0.375
331,"@coinfessions ‚ÄúSure that‚Äôs sad, but the real tragedy is that Sam can‚Äôt save the environment and eradicate disease now.‚Äù

-MSM journos",TheBrentchilada,Texas,0.06666666666666667
332,@CarnivoreSapien That cant be right! Heart disease ‚ô•Ô∏è right there!,odalyjp,"Magdalena / Nogales,  SON.",0.2857142857142857
333,"Possibly useful Friday stuff. Plz pay attention to 2nd graphic re parking tomorrow. Also, remember ticks can cause‚Ä¶ https://t.co/IL3UjxsN8f",ashtonctparkrun,Bristol,0.09999999999999999
334,@ksorbs happy thanksgiving to everyone except those that would bring their moms a disease that would kill them,trumpanon1,,0.8
335,Housing &amp; biosecurity measures to protect poultry &amp; captive birds from #AvianFlu will come into force in Wales on F‚Ä¶ https://t.co/5Yd1M9HiVf,WGRural,Wales,0.2
336,"@LayahHeilpern I want to live long and stay healthy. When a vaccine does not prevent the disease in question, I don't concider taking it.",cobuskriel1,South Africa,0.19545454545454544
337,i hope i die a natural death like in a hurricane or volcano or disease (not a human expedited pandemic),PandoraEternaI,she/her  23,0.05
338,(The way we refine grains leaches them in ways that elevate heart disease &amp; diabetes‚Ä¶),Incindery1,NYC,0.0
339,"ICYMI

John Stitt, son of #OKgov  Kevin Stitt (R), caught on bodycam telling police: ‚ÄúTo be honest my dad‚Äôs the gov‚Ä¶ https://t.co/3eT7KwvHRY",GinaInTheBurg, #MeToo #BLM #Berner #ATCK,0.6
340,@ksorbs Absolutely crazy that it's your body your choice to murder a baby but you better get the Fauci virus elixir‚Ä¶ https://t.co/Q6mERTXNlV,KevinWh27628695,,-0.04999999999999999
341,"Regulus ‚Äúcome out upon my seas, curse missed opportunities, am I a part of the cure or am I part of the disease?‚Äù Black.",iHrtProngs,she him ‚Ä¢ jfp‚Äôs gf!,-0.16666666666666666
342,"Life is like a sunrise and sunset, not too many riches and honour, as long as painless no disease no disaster in good health.",MarlonB89710769,,0.3833333333333333
343,"Congrats to our senior studentship winners:
@OKeeffe_GW, @UCC, for a project titled ‚ÄúSKOR1 inhibition as a therapeu‚Ä¶ https://t.co/TCDAt6eoWk",anat_soc,UK and Ireland,0.0
344,The Magic of Bee Venom Destroys Cancer Cells | Nature's Real Health https://t.co/u7cHau9Eh7,nicktompan,"Virginia Beach, Virginia",0.35
345,From Lou Gehrig‚Äôs Disease (ALS) to Brain Superagers | Nature's Real Health https://t.co/C6iVwkVq8n,nicktompan,"Virginia Beach, Virginia",0.2
346,@memysel63655001 @H4b1b1___ @goatssbu @seeingxsydni Oh dear is this some sort of brain damage or disease???üò≠üò≠ Use G‚Ä¶ https://t.co/b3L8cnMC9F,mystic_k9,,0.0
347,Hunger disease pandemic in 9ja! They are weaponizing it to win again oh! Vote wisely,rexlusty,"North Carolina, USA",0.75
348,@hank_h_ollywood Please I have a rare disease that can only be cured with nacho wearing that üíî,ciyloy,"Incest, terf, radfem DNI‚ÄºÔ∏è",0.15
349,"ANTI - opposed
FA - fascism

proudly #Antifa 

Andy Ngo is making up crap again?
attention seeking is such a sad disease",eve_putman,New England,0.10000000000000002
350,How can this Trini be so Evil Wicked and Cursed? Who to blame the gods? The Mom and Dad? Who? The Self-made nasty H‚Ä¶ https://t.co/BC4pAiltx6,JohnTravoltaBr1,,-1.0
351,Nas is the Hitchcock of Hip Hop fr. Man is out here rapping cinema. I listen to King Disease lll with my eyes close‚Ä¶ https://t.co/coZdJA7R85,hizeekoneil,In my feelings,0.0
352,"@MarekSJF In classical mitochondrial diseases, the main driver for chronic deterioration is infections and inflamma‚Ä¶ https://t.co/xCqIV1qpjV",cstroeckw,"Vienna, Austria",0.08333333333333333
353,@alexFinn444 @ddofinternet Just remember a death by gun is both animal population control preventing starvation of‚Ä¶ https://t.co/KAtYzhu1IE,Quack_4321,Gamer Land,0.0
354,2/2 @DrTedros  urges that ‚Äúgetting immunization programmes back on track is absolutely critical. Behind every measl‚Ä¶ https://t.co/1mTtSCkwmG,CPHO_Canada,Canada,-0.13333333333333333
355,"@azmichael1976 @MeidasTouch It is a horrible disease, with no cure. The best you can hope for is a daily reprieve.‚Ä¶ https://t.co/HD3uYoi4oL",swtdreams1007,"West Norriton, PA",0.0
356,"NSAIDs and kidney disease...

Dogma &gt; actual evidence. https://t.co/qNEkhfIcM3",jszm2012,"Rochester, MN",0.0
357,@ChukFarley @duty2warn Atlantic Native Americans had been hit by disease unwittingly brought from Europe (smallpox‚Ä¶ https://t.co/jMfOa2lDnB,total_sellout,"East coast, USA",0.0
358,@daphnetheswan Broooo‚Ä¶ the whole thing is looking like a terminal disease now.üò≠,suzibrigan,A Circusü§°,0.2
359,@alexeades1 I came upon your profile. I am so sorry you lost your daughter to this terrible disease.,kelly_p8,"Oakville, Ontario",-0.75
360,"Everyone is literally silent on this. I mean everyone keeps ignoring this like, ""oh well, it's science, who cares i‚Ä¶ https://t.co/scrqLyBTRl",fosters4future,"Portland, OR",-0.15625
361,@tenebra99 @thereal_truther @DiedSuddenly_ @disclosetv Oh really? So the studies from isreal sweden Germany and Fin‚Ä¶ https://t.co/bNVR6quTDY,fsm3324,,0.2
362,"(2/x) 3.5 scoreflex, 3.5 sapphire at 24atm. I personally have a preference for CSI over Rota for eccentric calcifie‚Ä¶ https://t.co/1XQbCbictz",sushruthedla,"St Louis, MO",0.0
363,"üìàBuyers.. thoughts?

JUPW- Develops IP, skincare, and Sexual health products.

AXSM- Axsome's drug candidate target‚Ä¶ https://t.co/DFGwPkTMnL",cowboyyytwon,"Nashville, TN",0.0
364,Developing a sensor to detect disease-transmitting mosquitoes https://t.co/uuV2HZbGEl #Biotech #Pharmaceutical #News,GenBioUSA,"Aliso Viejo, CA",0.0
365,"@BeanOpenMind @jasonhickel So just go back to hunter gatherer way of life?  Hunger, disease, violence, etc?  8bn pe‚Ä¶ https://t.co/bUH0uRaEzQ",gwilliams81,"New York, NY",0.0
366,@Nikki31222 @RickyLongisland People shouldn‚Äôt be so nasty and obnoxious about the disease of addiction it‚Äôs not a j‚Ä¶ https://t.co/Hu3MhD9Va6,MonicaMaraschi3,,-1.0
367,"@ChrisWickNews Don‚Äôt believe in germ theory, don‚Äôt trust big pharma or the allopathic medical industrial complex, a‚Ä¶ https://t.co/EYxBtcyxYS",okidancer,"Tulsa, OK",-0.09999999999999999
368,@Michell22588142 @pyajlc @RBReich So you are going to hang on those?  Do not rip limbs off babies and stick scissor‚Ä¶ https://t.co/sCANxcPghs,Jrsatty,Brooklyn,0.0
369,"Have you been considering trying SOT to treat Lyme disease? Here's what you need to know.

Learn more on our websit‚Ä¶ https://t.co/GbhULRU1hJ",ProjectLyme,New York City,0.5
370,I'd cleanse this disease-stricken world of all contamination.,leviquote,,0.0
371,@kennydojo @janesherrard1 @disclosetv The extensive use of pseudouridine is barely understood. I won‚Äôt take a treat‚Ä¶ https://t.co/CTMiBJFY5V,Fishyfish666,,0.025
372,@Eric_Schmitt I hope she said no.  Sick and tired of it being considered socially appropriate to treat others like‚Ä¶ https://t.co/rm5R30jBEJ,AH241315,,0.15238095238095237
373,@TheRealKeean Why R the Canadian people wasting their money with these cancerous liberals is time th Canadian peopl‚Ä¶ https://t.co/2EqVh7yWkf,gregyako309,Canada,0.0
374,@MarkMarkmash @mikemoves12 The stupidest comment of the day. Wait until you are 70. Do you honestly believe people‚Ä¶ https://t.co/TNdhObtM94,CliveSmartagain,"London, England",0.6
375,@urfavoritety Wtf pls don‚Äôt associate his foolishness with bipolar disorder hard enough a lot of ppl with this dise‚Ä¶ https://t.co/8C2NycUlEP,xiraisei,pre-pa college student ,-0.14583333333333334
376,@nytimes There is no disease or virus called covid 19.,Batu_1881_MKA,"Frankfurt am Main, Deutschland",0.0
377,@seanbecker00 Bros got coronary heart disease üíÄ,scar_mufasa,,0.0
378,#Bloodgroup can predict risk of contracting viral disease https://t.co/BQiq0Tp2Sc https://t.co/2eS8OwyZVH,physorg_health,,0.0
379,"caused by injury, disease, or aging https://t.co/8GpC97fCtn",malekpour_00,,0.0
380,"@jen_ch0i Check your thyroid, make sure your age appropriate cancer screening is up to date . If all above normal,‚Ä¶ https://t.co/5ZRRXoQ4pV",Asdoggatl,"Hyderabad, India",0.2875
381,"Yagya Luitail, 41, Nepal. Bricklayer. Cause of death: Disease. COVID-19. Official report: Not reported.‚Ä¶ https://t.co/CrxcTOPpyk",qatar22_workers,Qatar,0.0
382,#ÂºÄ‰∫ë‰ΩìËÇ≤ The functional changes associated with or resulting from disease or injury https://t.co/dPNQd3a2TN,ali1970bouhouch,,0.0
383,no surer indication of American disease than a car wash vac station trash can.,peterrosch,earth,0.0
384,How many thousands more people will be disabled by this #disease we call #LongCovid or #MECFS while we still have n‚Ä¶ https://t.co/e0W0XnDKIn,MAC4U25,United Kingdom,0.26666666666666666
385,Kings Disease,famousisbae,Club Paradise,0.0
386,"ü•∞ GREAT TURN OUT FOR SUPPORT GROUP ü•∞

The first Cancer Peer Support Day held at Suffolk Police HQ was attended by m‚Ä¶ https://t.co/xCqEOVwKnA",SuffolkPolFed,Suffolk,0.525
387,@Hassansa_wren Perhaps only the goverment knows the proper way of dispose a devil corpse so it doesn't spread an infection or disease.,JoestarKaito,aqu√≠,0.0
388,"gaining disease‚Ä¶

‚ñì‚ñì‚ñì‚ñì‚ñì‚ñë‚ñë‚ñë‚ñë‚ñë‚ñë‚ñë‚ñë‚ñë‚ñë‚ñë‚ñë‚ñë
21 minutes remaining",progress_update,,0.0
389,@DouglasAdlerMD Don‚Äôt routinely check the INR for daycare patients. Obvs of liver disease or been on warfarin etc.,NEndoscopy,,0.0
390,"Top of the morning. Given the scale of issues like global warming and epidemic disease, we shouldn't underestimate‚Ä¶ https://t.co/Txa9qZY8XZ",ECOTerminator,Your Motherboard's house,0.25
391,@TwoSeets @KimDotcom His ‚Äúcover narrative‚Äù for that is the theory that people in developing areas have so many kids‚Ä¶ https://t.co/qXXgeTdLAP,JosephWenger___,,0.5
392,"Eat clean food.

More than ten people went to Murang'a County Referral Hospital with signs and symptoms like those‚Ä¶ https://t.co/tMmTK5Wd3j",Tuko_co_ke,"Nairobi, Kenya",0.2888888888888889
393,Can‚Äôt believe how Nas spun this new Kings Disease album üòÆ‚Äçüí®üòÆ‚Äçüí® my goat,tobiaro_,,0.13636363636363635
394,We stood with Celina a few months ago when she spoke up about the affordability crisis and how she navigated it as‚Ä¶ https://t.co/3CyjZaDayh,RachelNotley,Edmonton,-0.2
395,@Syncretiphile @CelesteWisema20 @globalnews Do a poll of people who have not had Covid and ask them at any point in‚Ä¶ https://t.co/HFn4TtZxlP,baked_perfect,,0.0
396,@B5001001101_ Do not spread the disease ;-),Jaggy_Bad,"Oshawa, Ontario",0.0
397,"Plum Health Benefits
1- Phytochemicals and nutrients in 
   plums lower the inflammation that triggers heart 
   di‚Ä¶ https://t.co/pZAmtwBHN3",iCareMedic,"Chicago, Illinois",0.0
398,@acutebutcute @iamrhondamary @Jamestheman0506 Tb killed 11k in 1900 alone. That‚Äôs a lot of people to die from one d‚Ä¶ https://t.co/E3Vk80h8sA,guiltyverdict_,Supreme Court,-0.2
399,@arckives @drboycewatkins1 You are among the most pointless Twitter trolls I have ever encountered. You literally l‚Ä¶ https://t.co/mJpupEhgYb,FrankCatter,"Philadelphia, PA",0.125
400,"@MisspoliReport Truckers weren‚Äôt involved in the freedom convoy, they were working! The freedumbers are not trucker‚Ä¶ https://t.co/tUfuyN7KlG",MartinP65098144,,0.0
401,"@zakmuzak @maxberger @elonmusk @getpaidwrite The man is literally paraphrasing mein Kampf, but you do you.
""Liberal‚Ä¶ https://t.co/p4mur1GYvi",nick_rhodes_nz,,0.0
402,"Half the world‚Äôs population has oral disease, plus other health stories you need to read this week‚Ä¶ https://t.co/TG308KwemV",OSAPtweets,"Atlanta, GA",-0.14583333333333331
403,Many health insurers consider chronic obstructive pulmonary disease a pre-existing condition. It affects 16 million‚Ä¶ https://t.co/3yJlICSV81,we_preexist,,0.5
404,Just putting this out there but - autoimmune disease sucks. I'm not even over the last autoimmune thyroid response‚Ä¶ https://t.co/bIpRN2MRFi,RevLauraGilmour,"Kirkintilloch, Scotland",-0.15
405,@ericsfedup He has Pedophilia disease üòµ‚Äçüí´,belmonroe,"Ft Myers, Florida AMERICA",0.0
406,Rising Incidence of Non-Alcoholic Fatty Liver Disease in Children | Nature's Real Health https://t.co/uL4D2KGzlU,nicktompan,"Virginia Beach, Virginia",-0.08333333333333333
407,@PalimenoForGAD1 @Clos_1985 @iluvmy2dadz @Wozano10 @POTUS I have friends of all color. I have even have respect for‚Ä¶ https://t.co/lT6CiCZtEV,pickettscharge2,,0.0
408,@BiskyRusiness If disease wasnt a factor Euros wouldve had marginal gains at best. Euros never experienced a 90% kill rate.,Alec51100718,,0.3
409,@BRUNOENJ0YER THANK YOU I LOVE HIM im going to hang up his birth certificate...my son Axolotl Abbacchio he has every disease,HIEROCHERRY,she/her  20  FILIPINA   ¬∞‚Ä¢*‚ÅÄ‚û∑,0.5
410,"@MonicaGandhi9 @taruna25828561 "". . . it seems irresponsible to me to not report on how much good news there is  .‚Ä¶ https://t.co/NSUx4wQ4DU",jazzmanchgo,,0.7
411,"@PennyNewell20 @BBIC0N You joined Twitter at the worst time, to share your TDS disease with the platform.
A year ag‚Ä¶ https://t.co/th1z3T1whN",dcfloridasport,"Pinellas Park, FL",-1.0
412,"Question: is hair loss caused by an ""auto-immune disease"" a thing in the vaccinated?",1buzzlightyear,Same name on parler,0.0
413,@bbbourb Yeah like what are they throwing glitter? Like sheesh people just blindly listening to their boss at work‚Ä¶ https://t.co/Dhf1DbPmtv,bnice19831,"Kansas, USA",-0.5
414,"@jasmith_yorku You don`t care, you are selfish to your very core.. You are afraid that the kids you teach will give‚Ä¶ https://t.co/imbqqbwxwb",iexpectitall,,-0.3
415,What It Feels Like: Chronic obstructive pulmonary disease ‚Äì via @healthing_ca @COPDCanada @canlung‚Ä¶ https://t.co/6RqIOvqdSf,TheTorontoSun,"365 Bloor St. E., Toronto, ON",0.0
416,@LayahHeilpern I heard it gives you small cock disease.,mondiman721,,-0.25
417,"""CV infections are going up""

But the vxn was supposed to stop infections.

""No, it just reduces severity of diseas‚Ä¶ https://t.co/bu8QxZk1JQ",sanjay_world,Chile,0.0
418,Inflammation &amp; the Microbiome Modulating Disease Development Including Covid-19 | Nature's Real Health https://t.co/uL4D2KoXXk,nicktompan,"Virginia Beach, Virginia",0.2
419,"The madness is astounding.
https://t.co/frNU7ELz04",PipPiptrom,"Sydney, Gippsland, Australia ",0.6
420,@hafsein @Assimalhakeem From a mother that has watched her husband coach college football and two children play yea‚Ä¶ https://t.co/HrKphkwPjf,JenniferZiada,,0.0
421,"COVID, Alcoholic Liver Disease &amp; Women | Nature's Real Health https://t.co/uL4D2KGzlU",nicktompan,"Virginia Beach, Virginia",-0.024999999999999994
422,"A child in Surrey died from a infectious disease. Another child hospitalised. 

Genuine risk to kids health and yet‚Ä¶ https://t.co/SCrxeyCoQF",Adamz09,"Newcastle Upon Tyne, England",0.4
423,"Do #CancerStemCells (CSCs) have a role in pancreatic disease? üí≠ 

This review probes the relationship between‚Ä¶ https://t.co/TZZIdMXdGi",PancreaticCell,,0.0
424,@RitchieTorres @elonmusk Notice the one thing that unites these two?   Jew hatred is a disease.,Sami27580296,,0.0
425,@ry4n_0 @SafetyOfficer66 @spawncampiffyuh @bananan0va @LocalBateman Walking close to a busy road is probably a thou‚Ä¶ https://t.co/9w2od1Zf9I,Blmgabriel1,,0.1
426,@claire_horwell @PhoebeSleath @dgurdasani1 @chrischirp There are other viruses that are now known cause serious hea‚Ä¶ https://t.co/14gwMkuJja,CDavies000,Gloucester,-0.22916666666666666
427,@laurel_schunk So does this mean that you agree with me? Or does it mean that you're just an a****** that I'm talki‚Ä¶ https://t.co/NGpPsxAI4H,IAmSherriBerry,Ever changing,-0.3125
428,"@VodkaMuse @Wrigley1332 don't much enjoy being in crowds any more especially as covid persists

old guy with 'co-mo‚Ä¶ https://t.co/NxvNfp44wc",DocBass4,,0.25
429,@jonrappoport Local law for communicable disease also imposes duties on state officials to identify a non-fraudulen‚Ä¶ https://t.co/6Rb2NJ1aGg,BehindaWoodshed,www.reallibertymedia.com/ Ch 2,0.0
430,"@lindyli Phizer lobbied billions, 700,000  die of heart disease 600,000 cancer. Congress and biden removed opiate p‚Ä¶ https://t.co/2Ftg4NpF2T",j_boogie419,United States,0.0
431,"No one is immune from lung cancer. Even if you never smoked.

Like Tana: diagnosed w/ stage 4, ALK+ #lungcancer las‚Ä¶ https://t.co/9JNw6hDbrK",ALKLungCancer,United States,0.0
432,"@nationalpost @DuaneBratt Trudeau ignores WHY the protest happened
It was because of mandates forcing vaccines on p‚Ä¶ https://t.co/Kcbt6LHUgE",JPM2019,Man of the world,0.0
433,"@Imposter_Edits Wait a minute white Jesus... üò≠ü§£üò≠The Conservative mindset is a disease, They should be forced to go‚Ä¶ https://t.co/PsTqRBxlxz",Kapado,"Lisbon, Maine, US and A",-0.15000000000000002
434,"Larson changed the setting to the 1990s, in New York City's East Village Alphabet City neighborhood, and changed th‚Ä¶ https://t.co/WzZt3Cohq8",MicheleJJones1,"Lubuk Baja, Indonesia",0.13636363636363635
435,"@Abigpizzapie1 But the deer association are actually deer with chronic wasting disease, also making them skittish w‚Ä¶ https://t.co/F8tjuQaeWN",SurugaInvi,In the Underverse,0.35
436,"@shedfelt Well, sort of ‚Ä¶but MS is an insidious bugger &amp; you can have smouldering disease without noticing direct s‚Ä¶ https://t.co/0NrbKf8wYO",lomelindi12,"Devon, UK",0.1
437,the procrastination disease has altered my brain to think a whole 3 hours is a short amount of time,annthefool,darkest corner of hell,0.1
438,molecular mimicry is the new disease behind so many unexplainable bad reactions which are persistent and follow usa‚Ä¶ https://t.co/xbJqSAOUxK,Sruiruim,,-0.11590909090909088
439,The disease crumpled him https://t.co/E7LSeOqvpH,taka07694018,,0.0
440,@stillgray @bennyjohnson @elonmusk Welcome to liberalism. The single greatest disease of the mind of our generation‚Ä¶ https://t.co/o72FjE75p7,RitchDestiny,,0.5761904761904763
441,"Same dehumanization, just a different decade and words. For 40 yrs right-wing talk radio has called liberalism a di‚Ä¶ https://t.co/E6bYtpYJQs",rmmageddon,DCA | MIA | LAX | BNE,0.09523809523809523
442,@WakeToBitcoin @VitalikButerin Lol maxipads are immoral lying human trash. They haven‚Äôt had a new positive talking‚Ä¶ https://t.co/AVDbJ7mWNC,efftheuniparty,,0.2909090909090909
443,Parkinson‚Äôs disease Soars Due to Environmental Chemicals in America | Nature's Real Health https://t.co/uL4D2KGzlU,nicktompan,"Virginia Beach, Virginia",0.037500000000000006
444,"@KetoCounselor Not only mental health, T2D, cancer, the whole scale of metabolic disease, autism and we can go on forever‚Ä¶",WWalker1912,"England, United Kingdom",0.03333333333333333
445,@MichaelJStern1 They make the manufacturers money and good for breaking law or to blow your nose.Not to stop diseas‚Ä¶ https://t.co/NGEXF7dWOX,appaspapa,,0.7
446,Developing a sensor to detect disease-transmitting #mosquitoes @NaturePortfolio https://t.co/5xG2LfYsgy https://t.co/kW3vDJ0dYy,physorg_biology,,0.0
447,"If I have celiac disease... Well, that will be not fun anymore",mintonyou,,-0.15
448,@Mollywin2 @AzawiOfficial @bamwinejnr @JoyTuramuhawe @eddykenzoficial What about a police officer who works wether‚Ä¶ https://t.co/jX06k5X0AQ,Hitler234134391,,0.0
449,@Eric_Schmitt @ElectionWiz You can tell their thirst for power is unquenchable by them doubling down on masks and v‚Ä¶ https://t.co/5YTJy7whUp,Pizzyferizzy,Colorado,-0.15555555555555559
450,@Lilyurscealai They don't care because they support the harassing behavior. They are a spreading disease in this fa‚Ä¶ https://t.co/ejNqphuHaK,Indigoic1202,,0.0
451,Ontario baby with rare genetic disease receives groundbreaking treatment while in the womb https://t.co/zYiAlJ88SW,AFLO4Life,Ontario,0.3
452,"What I am so shocked by, nearly 3 years later, from the initial #COVID #infection is that we are no further forward‚Ä¶ https://t.co/sbrNMValSd",MAC4U25,United Kingdom,-0.12
453,@MGJ65Michael @Dunckie @marcel__za And kidney disease. It could be any of the few things. absolutely nothing to do‚Ä¶ https://t.co/NC8xLVAmYD,alan_sithole,Gauteng,0.0
454,@EASPORTSFIFA Your game is worse than any existing disease,AMR190300,,-0.4
455,Bronchiectasis is correct. Central bronchiectasis with clusters of tree in bud and mucus plugging in upper lobar pr‚Ä¶ https://t.co/uzcLY2e0Mu,khaledzeid,"Cairo, Egypt",0.0
456,"@SaifBZayed There is not provision greater than piety. There is nothing better than silence, and there is no enemy‚Ä¶ https://t.co/5Pm0xuf8OX",shaikhtabrezala,India/Pune,0.5
457,@OncoThor For NF Sporadic &lt;2cm PNETS: why do trial of interventions in a disease where no intervention is needed? C‚Ä¶ https://t.co/TDkIl4mMae,HalletJulie,"YQB üõ´YYZ  ‚û°Ô∏èüìç Toronto, ONüçÅ",0.0
458,@elli38422042 @danegirl67 @theheraldsun #MurdochGutterMedia clogs your Twitter feed whether you follow them or not. It's a disease.,HelenJacinta,,0.0
459,@BennyisHere_215 @barblet30 @i_petersen Why? Is that the solution with gonorrhea or herpes or Lyme disease?,eclecta,"Toronto, Ontario",0.0
460,@A_refusenik What is general disease? https://t.co/PPeT2igUgX,NEG4TORY,,0.05000000000000002
461,Imagine it being late 2022 and your such an utterly incompetent government that you're UNIQELY UNABLE to open up du‚Ä¶ https://t.co/xqkFcPSI9U,NineDragons2,Kowloon,-0.22999999999999998
462,@NoLieWithBTC @CBS8 good he is close to die on some lung disease,Marek70204859,,0.7
463,Am I part of the cure? Or am I part of the disease?,bobasquotes,,0.0
464,"In his anatomical studies Galen had a twofold object - a philosophical, to show the wisdom of the Creator in making‚Ä¶ https://t.co/IseqoktWN4",AntonioSSimoes,,0.0
465,"@TheBlackChannel Frankly, I think capitalism is the disease. The mass shooters and other forms of violence, etc, in‚Ä¶ https://t.co/gvWF3pNMbG",cosmicsoul477,"Miami Gardens, Florida, USA",-0.125
466,@MC_the_AT The world‚Äôs economy has become such that it‚Äôs too big to fail and depends on more workers to fuel the co‚Ä¶ https://t.co/ayfcRp8EJO,ReformedAT,,0.0
467,"@jimrosecircus1 Jim, I appreciate your humor I truly do. Fact is see something say something and Im not a city dwel‚Ä¶ https://t.co/lGooUBHaoe",CodyLike2,,0.0
468,"Cardiovascular Catheterization and Intervention: A Textbook of Coronary, Peripheral, and Structural Heart Disease,‚Ä¶ https://t.co/d3yITU7GPS",AJack64,,0.0
469,@lisakeb007 @MadAsHell85 @GeorgeMonbiot Meat is very unhealthy lol.  It's a class A carcinogen for one thing. Satur‚Ä¶ https://t.co/qd5wvJDSGF,tom_dog_1,UK,0.14
470,"Is the ‚Äúdrop-dead disease‚Äù not a pandemic in and of itself now?!

üíâüíâüíâüíâ‚ò†Ô∏è https://t.co/jM0FxDdFLQ",LonnaMarie726,"Seattle, WA",-0.2
471,"@norah_official @OurBlondie Denial is a disease 

Also firmly believe you haven‚Äôt lived until you have them toasted with salt and butter",ora_kill,The forest behind ur house,-0.2
472,@IsabelOakeshott @ZacGoldsmith Also antibiotic resistance research and emerging disease surveillance. International‚Ä¶ https://t.co/2asAbDp2Sj,OffTaupe,Fife,0.0
473,WaterAid scales up WASH facilities for disease prevention at Uganda/Congo¬†border https://t.co/j8nFerc7KD,HeraldAfrican,"Johannesburg, South Africa",0.0
474,"@jodyjsperling Diabetes and heart disease. 

I haven't written any stories as an adult. I'd be likely to write abou‚Ä¶ https://t.co/6iKjEDVpqU",DiametricSlant,,0.05
475,Scientists Discover a Gene That Could Prevent Alzheimer‚Äôs Disease https://t.co/cGYSQmmk63,Nickw8000,,0.0
476,@JeffreyBrouss58 @SandOfSea777 @PsychedelicMob @TheMoonCarl @elonmusk Just to clarify: yes it can have negative eff‚Ä¶ https://t.co/osOyNtA9ET,Yamyatos,,-0.3
477,"Anything that confuses you enough is enough to destroy you. Soft heart is a disease, and deep feeling is fatal.‚Ä¶ https://t.co/LCKPaSajBb",rosendunge16,,-0.02
478,"Anything that confuses you enough is enough to destroy you. Soft heart is a disease, and deep feeling is fatal.‚Ä¶ https://t.co/1HyKr7mYzG",SwohWprxzQnW5Z8,,-0.02
479,"I still can't believe how fast ALS took Borje from us. What an awful, horrendous disease.",LeafErikzen,Ontario,-0.4
480,Evaluation of the impact of CSF prion RT-QuIC and amended criteria on the clinical diagnosis of Creutzfeldt-Jakob d‚Ä¶ https://t.co/LEWyMmQOES,DrJesusPorta,Madrid,0.0
481,Evaluation of the impact of CSF prion RT-QuIC and amended criteria on the clinical diagnosis of Creutzfeldt-Jakob d‚Ä¶ https://t.co/fSFjU3naii,ineurocienciasa,,0.0
482,#Chinaüá®üá≥: Residents walk near pandemic prevention workers in protective suits in a locked-down residential compound‚Ä¶ https://t.co/SoFf3hZgBb,BantuSun,,-0.02777777777777779
483,@BeatTheCult I‚Äôve been engaging in deep breathing since being diagnosed with Crohn‚Äôs disease. It can‚Äôt hurt. It‚Äôs n‚Ä¶ https://t.co/s1mjCXn6py,AngrySeaTurtle,"Kenosha, WI, the north coast",0.2
484,New biosecurity and housing requirements will be implemented for poultry and captive birds in Wales as surveillance‚Ä¶ https://t.co/YQDxA9vRsq,llanellionline,"Llanelli, Wales",0.16818181818181818
485,What It Feels Like: Chronic obstructive pulmonary disease ‚Äì via @healthing_ca @COPDCanada @canlung‚Ä¶ https://t.co/SHw8oHblHA,VancouverSun,"Vancouver, B.C. Canada",0.0
486,Rats transmit disease https://t.co/6EFM4zLgSi,AmadouD40421162,,0.0
487,@stillgray TDS is a terrible disease.,Nancy51758014,,-1.0
488,"Ajeet Singh, 55, Nepal. Plumber. Cause of death: Disease. COVID-19. Official report: Not reported. #FIFAWorldCup‚Ä¶ https://t.co/spir3sLwLI",qatar22_workers,Qatar,0.0
489,Scientists Discover a Gene That Could Prevent Alzheimer‚Äôs¬†Disease https://t.co/79Ix5I3Qcu,Obctechlive,,0.0
490,"@DrJudyAMikovits We luv u, Dr Judy. Thank u for the sacrifices u made &amp; continue to make. I worked at LAC-USC pedia‚Ä¶ https://t.co/06DPfWl3ET",ShelterWatch,California,0.0
491,"YEAR IN REVIEW - For #BlackHistoryMonth, we focused on #sicklecell disease - an inherited blood disorder that mainl‚Ä¶ https://t.co/xCbi5MCHAE",RedCrossPhilly,Philadelphia,0.0
492,@dsdsdssav Kelvin MacKenzie is a disease on the British media,chrismckerral90,"Glasgow, Scotland",0.0
493,"DAVEY: More. More more more. More love, more praise, more people telling me that I'm good, always more more more...‚Ä¶ https://t.co/XgAMMg9rQM",CodaNotesBot,,0.5166666666666667
494,@apwriter like a suspense movie...praying for a good outcome as cancer is awful ...Harnessing the immune system is‚Ä¶ https://t.co/xNLn2TV5qD,edon5,west coast,-0.15000000000000002
495,@Sisal_Spikes The lingering though of poverty is a mental disease,IamThatoManaka,"Johannesburg, South Africa",-0.1
496,@oloverink @fermiparasocks @Turdburgler17 @Timcast That read much like an attack on people that don‚Äôt want the jab‚Ä¶ https://t.co/n5fPK7KQJP,randomonline88,,0.2
497,@alex_here_now Not usually a grift. One example‚Äîyou and your partner both have the same rare recessive gene for som‚Ä¶ https://t.co/TfVqW6KYYw,BillyBuffington,"New York, NY",0.14166666666666666
498,"@PikeGrey1418 Disease, death from injuries etc",Nicetweet2022,,0.0
499,"""Just for years, these doctors just saw endometriosis as a disease of infertility, and because they hyper-focused o‚Ä¶ https://t.co/CVv3TxQgm7",HysteriaProjec1,"Berlin, Germany",0.0
500,"A Silent Fire: The Story of Inflammation, Diet, and Disease PAFBOHD

https://t.co/f3a5WnEr2A",wunschfeuyb,,0.0
501,"@elonmusk You mean the bankers and politcian paying to subvert news, holding secret society meetings, trafficking h‚Ä¶ https://t.co/I63jnDmV4K",j_boogie419,United States,-0.35625
502,"@realTuckFrumper ""Trump effect"" is not a disease that a surg general. contracts.  It is a petri dish that he sought‚Ä¶ https://t.co/ANjLuB0o1Z",sandsun4me,Cincinnati,0.05000000000000002
503,"@BabsSheKing @elonmusk @getpaidwrite Neither right nor left, just paraphrasing mein kampf...
""Liberalism is a disea‚Ä¶ https://t.co/cliHt0tmLX",nick_rhodes_nz,,0.14285714285714285
504,"@Tori_TLCR @w4yw4rdgrl @CaffeinatdCmnst Likely so now not only are you discriminating against a disease, you are ba‚Ä¶ https://t.co/HnEWbfPo18",bwilliams22212,"Miami, FL",0.0
505,Reducing Risk of Alzheimer‚Äôs Disease https://t.co/Sl6T5ULDq4,Ramu_Kal,"Norcross, GA",0.0
506,"@BohemianAtmosp1 It was never about disease prevention, it was about freedom prevention.
Do NOT comply!
https://t.co/E5R55IbBMr",wisermann,,0.0
507,#NM politicos thinking New Mexicans are just fine relying on oil and gas for revenues for the next 10 years - think‚Ä¶ https://t.co/iblFs78UXB,CharlesGoodmach,"New Mexico, USA",0.18434343434343434
508,Andy Vermaut shares:Heart Disease Deaths Spiked During COVID After 10-Year Decline: The sharp increase in the heart‚Ä¶ https://t.co/yuyIkCkYj2,AndyVermaut,"Diksmuide, Belgi√´",-0.125
509,@md1talk Paget disease,abie__1,United Arab Emirates,0.0
510,"@BiskyRusiness After losing 90% of their population to disease, 500 years, and inferior technology and numbers. 

Y‚Ä¶ https://t.co/Zakebj8Q6s",Alec51100718,,0.0
511,"@TheLeoTerrell HEADUPTHRASSITIS:  Disease of those who push ignorant policies, accept false narratives blindly, par‚Ä¶ https://t.co/DJkkfu08Rr",PatRiot25252525,,-0.45000000000000007
512,"Intelligence is what allows us to create forms of Governance, Cure disease, create Art and Music, discover, Dream and Love.",nagayama0706,,0.5
513,@SpotifyAfrica Nas! Crown King's Disease 3 rap album of the Year,MolefiMotsoane,DEALESVILLE,0.0
514,The American Society for Metabolic and Bariatric Surgery (ASMBS) and International Federation for the Surgery of Ob‚Ä¶ https://t.co/vvSFVXjqd6,htpune,Pune,0.0
515,@ACLUVA YOU WERE BIRTHED BY A WOMAN! One condition that impacts only women &amp; may contribute to continued ill-health‚Ä¶ https://t.co/rMSkOghMWD,g_lamarche,,-0.25
516,"@SportsByRick @moscowmike13 @psyhiIe It‚Äôs definitely not directly because of superhero movies. They‚Äôre a symptom, n‚Ä¶ https://t.co/XC9bwle9kY",boycreams69,,-0.05
517,"@whatneesaid @robwitwer @keetmuise Yes. And?
We can‚Äôt test for transmission without intentionally infecting subject‚Ä¶ https://t.co/7U1SpSedK4",TravIsScience,,-0.16666666666666666
518,@Cardano_capital @RyanUnderDev @LayahHeilpern No we didn't. All infectious disease plummeted before we started inje‚Ä¶ https://t.co/Cu4VrO4vIs,Leonchi85271604,Ze Peoples Republic of England,0.0
519,@creation247 Alcholism is way better disease. We all know it.,azzilathehun,,0.5
520,"Dear colleagues, it gives me the pleasure of inviting you to attend our virtual  webinar on Optimising the manageme‚Ä¶ https://t.co/kkRGw09rno",doctoramir1,"Jeddah, Kingdom of Saudi Arabi",0.0
521,The plant kingdom boasts protective compounds that guard plants against disease. https://t.co/OpEPVOAaXT https://t.co/cu52RTgYSV,RawHarvest,,0.0
522,"@DineshDSouza HEADUPTHRASSITIS:  Disease of those who push ignorant policies, accept false narratives blindly, parr‚Ä¶ https://t.co/sv0ru8OFTa",PatRiot25252525,,-0.45000000000000007
523,@bunsenbernerbmd I had to put my 16 yr old cat down because of kidney disease I miss her so much...,dangerpronedap3,Earth,0.04814814814814814
524,"10/ 

A sneaky case presenting as DCM phenotype in a ‚ôÄÔ∏è - courtesy of @cshenoy3 

https://t.co/MB8mzAXS5t",0xRadiology,,0.0
525,"9/

Another beautiful example shared by @MarziaRigolli

https://t.co/nfpQL6YU0f",0xRadiology,,0.85
526,"8/

A wonderful case with crazy hypertrophy, characteristic LGE and gross pathologic correlation - @ecocardio_cl

https://t.co/SjmWYRVmq2",0xRadiology,,0.08333333333333334
527,What is a nole anyway sound like disease u can't get rid of honestly,LeezysWorld,,0.5
528,"1/ WHAT IS DANON DISEASE:

‚Ä¢ X-linked genetic lysosomal disorder 
‚Ä¢ caused by LAMP-2 MUTATION
‚Ä¢ results in DYSFUNCTIONAL AUTOPHAGY",0xRadiology,,0.0
529,"How about we check this hypothesis thoroughly though? Before we get on with inspecting buildings, we need to make s‚Ä¶ https://t.co/995WpTENf7",theinquisibot,The Cathedral,0.0
530,"@SenJohnKennedy HEADUPTHRASSITIS:  Disease of those who push ignorant policies, accept false narratives blindly, pa‚Ä¶ https://t.co/WaU15a7uVz",PatRiot25252525,,-0.45000000000000007
531,"‚ÄúI‚Äòm neither left nor right, but the left is a disease.‚Äú https://t.co/6jdoce1kIy",JensTemmen,D√ºsseldorf,0.09523809523809523
532,@ENlDSlNCLAlR sttwt is a disease that's all I gotta say abt this,elbitchin,"‚òæ moon/she/they/it
‚ù• bodily 19
‚òæ aroace lesbian
‚ù• did system host
‚òæ el's legal guardian ",0.0
533,"A little-thought of concern,as well as our relatively small size UK &amp; increasing population.With controlled rising‚Ä¶ https://t.co/KaATra1PAo",ElfieRobinson,,-0.21875
534,"@JonathanTurley HEADUPTHRASSITIS:  Disease of those who push ignorant policies, accept false narratives blindly, pa‚Ä¶ https://t.co/Co2opzGx5i",PatRiot25252525,,-0.45000000000000007
535,"Although Helena lost her vision due to a disease, she can still perceive the outside world through hearing. In this‚Ä¶ https://t.co/9MyFBgdgO0",hourlyhelena,reply function not set up yet ,-0.0625
536,"@Carpe_Insaniam @EmmaLouMarsha11 @BohemianAtmosp1 @elonmusk That data is about the COVID-19 *disease*, not the *vaccines/boosters*.",pjlioness1969,Far NW suburb of Chicago,0.0
537,"@RockPrincess64 It's never been about disease control; it's about people control:
Do NOT comply!
https://t.co/E5R55IbBMr",wisermann,,0.0
538,Are you gonna support wheat thins in the fight against lyme disease?,auttyjuul,,0.0
539,"@zeol1t3 It‚Äôs okay, jealousy is a disease. Hope you get better soon &lt;3",Aru_yu3,He/They,0.5
540,"Black olives are a good source of iron, which is important for your red blood cells to transport oxygen
Copper. Thi‚Ä¶ https://t.co/7cQz819OOJ",iCareMedic,"Chicago, Illinois",0.23333333333333334
541,@JoJodieJodes I used to believe that homosexuality was a disease (Raised in an extremely conservative household) th‚Ä¶ https://t.co/nX2mEqNnNw,Little_Cerby,"Sarasota, FL",-0.125
542,"Traumatic Brain Injury Associates with an Earlier Onset in Sporadic Frontotemporal Dementia

https://t.co/nmjJj0QcDm",agingdoc1,Community of #Aging #Biology,0.0
543,"Modifiable Risk Factors for Alzheimer Disease and Related Dementias Among Adults Aged ‚â•45 Years ‚Äî United States, 20‚Ä¶ https://t.co/4qpuua3AsK",Ramu_Kal,"Norcross, GA",-0.05
544,"@JamesBradleyCA HEADUPTHRASSITIS:  Disease of those who push ignorant policies, accept false narratives blindly, pa‚Ä¶ https://t.co/bdS4CDHO3d",PatRiot25252525,,-0.45000000000000007
545,@SenatorHagerty Title 42 is for expulsion where threats of ‚Äúcommunicate disease‚Äù -Covid 19- present a threat to the‚Ä¶ https://t.co/PwP0icMJL2,AmericaInTheMi1,"Memphis, TN",0.0
546,@srikarabs @anilbhatortho @DrAseemMalhotra @drericwestman @ifixhearts Breast milk contains saturated fat maximally‚Ä¶ https://t.co/phbSSnuSP5,Tarunashree1,"Udupi, India",0.0
547,"@SissysDad @Secahtah Oh, dear Lord! That's more than merely inconsiderate, that's dangerous and CRUEL!

How are you‚Ä¶ https://t.co/EHhgWzfihK",AnneTheWriter1,"Illinois, USA",-0.4
548,no no don't bother I WILL regulate your nervous system :D you'd feel it for days. i'm sure i'm not the only person‚Ä¶ https://t.co/wzR2TKTA65,viviennlight,OJO,0.25
549,@1963Ncc @Vjay1 @bennyjohnson A) The fact that disease decimated the indigenous people leaving an all but empty lan‚Ä¶ https://t.co/V0z1UDMdsW,Jim1967Roth,,-0.1
550,@Dougduug @noxidls @justagirlmom274 @OMGoshAShark @snakeappletree1 @frank_revol @CaptGoodLove @JamesMelville ‚ÄúFeder‚Ä¶ https://t.co/4up5H7RXVE,WhiteTrapMonsta,South Torrance ‚ÄúTorraq‚Äù,0.0
551,"@knewsodia 
Sir my brother is also suffering from transverse myelitis disease would you send me the ayurvedic docto‚Ä¶ https://t.co/zClrkZz20a",DLamadia,,0.0
552,@ezkappdo @fitterhappierAJ this virus but I think it's going to take a difft path than ¬©fitterhappierAJ thinks. I t‚Ä¶ https://t.co/afsNAzl2Xf,hayapalooza,,0.0
553,"@Eric_Schmitt It's never been about disease control; It's about people control.
Do NOT comply!
https://t.co/E5R55IbBMr",wisermann,,0.0
554,@LayahHeilpern The fact that vivid was downgraded to a non high consequence infectious disease on 19th march 2020 o‚Ä¶ https://t.co/Gi6io178ZC,SimonKirkham12,,0.14250000000000002
555,#NowPlaying Dire Straits - Industrial Disease #RetroHitsCanada,RetroHitsCanada,Toronto Ontario,0.0
556,"Character for disease in a
ÿü?
ŸÜŸÖÿ¥€í

üîπH4üîπ
üîπH4üîπ
üîπH4üîπ",AlkbeerAwwe,,0.0
557,Bahman Ghobadi is like  disease produced by Iranian colonialism &amp; chauvinism. A disease that has contaminated far t‚Ä¶ https://t.co/fvMZj29d6C,Poetiken1,"Stockholm, Sverige",0.0
558,"Vulnerable family forced into infectionüëá
""Scott said the family doesn't see their friends, and even has groceries a‚Ä¶ https://t.co/Lr0V8ptlKc",OG97921596,"Nova Scotia, Canada",-0.4
559,Agency for Toxic Substances and Disease Registry https://t.co/54GKEv8mG5,Ramu_Kal,"Norcross, GA",0.0
560,@JamesMelville A headache's a disease?,paulboo01244054,York,0.0
561,"@tedcruz HEADUPTHRASSITIS:  Disease of those who push ignorant policies, accept false narratives blindly, parrot le‚Ä¶ https://t.co/DKUS4bXy9k",PatRiot25252525,,-0.45000000000000007
562,"Lifelong disease. pounding against his hand. It‚Äôs the person asking and the final bitterness--was
ÿü?
ŸÜŸÖÿ¥€í

üîπH4üîπ
üîπH4üîπ
üîπH4üîπ",aveydragon,Indonesia,-0.05
563,brain bad disease,sativasapphic,MA,-0.6999999999999998
564,@NancyFaeser A disease that something disgusting happens from his official and does not agree with the heavenly feligion,FathyAmira2,"ÿßŸÑÿ£ÿ≥ŸÉŸÜÿØÿ±Ÿäÿ©, ŸÖÿµÿ±",-1.0
565,@_DaCon @LocalRachel @IppokratisAnge1 @IncellDx @brucep13 @adonis_sfera 100%‚Ä¶. One just needs to look to see‚Ä¶ All d‚Ä¶ https://t.co/IOZ5H4DRxx,SabinehazanMD,United States,0.0
566,November is Diabetic Eye Disease month. Here is what you need to know! #eyecare #wellandoptometrist #eyeexam‚Ä¶ https://t.co/IvNEltIk2w,NaniniChristian,21 Seaway Drive Unit 4 Welland,0.0
567,@srikarabs @anilbhatortho @DrAseemMalhotra @drericwestman @ifixhearts Saturated fat does not cause heart disease...‚Ä¶ https://t.co/2jg8Uw2kIF,Tarunashree1,"Udupi, India",0.0
568,@Price448 It‚Äôs a disease if ppl still play trials on the daily üòê,shmepyy,"California, USA",0.0
569,"HEADUPTHRASSITIS:  Disease of those who push ignorant policies, accept false narratives blindly, parrot leftist tal‚Ä¶ https://t.co/1w0a1AtA5A",PatRiot25252525,,-0.3166666666666667
570,"@TheWokeMinistry @AwakenWithJP Last time this happened we got disease, gardens, war, and a stingy religion.

Plant‚Ä¶ https://t.co/KR9KS3joWx",miletusofthales,,0.0
571,"üö® 58% of #COVID *deaths* are vaccinated, as of this month.

COVID is no longer a disease of the unvaccinated.

We n‚Ä¶ https://t.co/0OLlYcr66C",joshuamcclure,"Austin, TX",0.0
572,@DrHarryThomas @TodeoRodeo I find that people also become more aware of disease states at 62 than at 22.,MrWBond,Timbuktu ,0.375
573,"2/#Hereditary #Angioedema #HAE is a #genetic #disease that effects ~1 in every 50,000 people worldwide &amp; is associa‚Ä¶ https://t.co/9Le3zDCTZN",yaireinhorn,,0.0
574,"@AwakeInDreams Cholesterol is brain food, that's why when they started to roll out statins, dementia &amp; alzheimer's‚Ä¶ https://t.co/4TNyKOs6Gm",GmPoobear,UK,0.0
575,"Motives unaccomplished by disease, and thoughts that plague the subconsciousness",mentallyillikrs,"‚ù• moved accs, was @.living__gh0st / @.f1r3_m0t1f

‚ù• mod goes by star/halo prns

‚ù• TWs in txti",0.0
576,@laralogan The mechanism she talks about Neurolink is supposed to be to help the brain from injury or disease. Perh‚Ä¶ https://t.co/hq1hPGSa0Y,moonskoobie,Scottsdale AZ,0.0
577,"@KharmageddonS @LongCovidNews @cjmaddison The main symptom-complex (fatigue, post-exertional-malaise, pain in extre‚Ä¶ https://t.co/KTR9P0ZMTt",HannseMalNeMark,,-0.06666666666666667
578,"Everything they show you is old technology, cloning and human bio engineering has been conducted since the 80s. Clo‚Ä¶ https://t.co/0kfNX58qOF",TheRealEndryu95,,0.05
579,"@EricFrancis Eric, me too. ALS is growing and remains an underfunded disease. I would like to see the NHL Fights AL‚Ä¶ https://t.co/wrmB0me59x",kdscott10,"Clearwater County,  Alberta51",0.0
580,"While there's no one identifiable cause of Alzheimer's, genetics may play a key role. Learn more from Healthline:‚Ä¶ https://t.co/whsoUmnpYV",GriswoldHomcare," West Fargo, ND",0.19999999999999998
581,"@RyanMarino @bethanyshondark At no point did I hear the public health community say ""look, we have this virus going‚Ä¶ https://t.co/hGxa2l7i3p",GunFreeZone,We are in the South somewhere,0.0
582,Dogs can be trained to smell disease in the human body. New research shows they can pick out psychological distress‚Ä¶ https://t.co/oo3V4HU0UE,WSJ,"New York, NY",0.04545454545454545
583,@BetsyRi66304373 What would we do if heart disease or cancer was contagious by breathing in small particles from th‚Ä¶ https://t.co/72DrfYbtNy,Third_Renewal,,-0.25
584,@oecvernon roblox head disease,dawllyana,,0.0
585,Did you know that chronic sinusitis affects millions of Americans annually? https://t.co/rf83rdOQMm,pugliesemd,"Atlanta, GA",0.0
586,"Nigeria's worst flooding in over a decade has left communities in limbo, with residents homeless and at risk of dis‚Ä¶ https://t.co/WEB5bKS1g4",gavi,"Geneva, Switzerland",-0.5
587,The plant kingdom boasts protective compounds that guard plants against disease. https://t.co/qfwA21Y0Pd https://t.co/aX3O7VCjI5,juiceketha,,0.0
588,@RyanMarino @bethanyshondark Because we can no longer reliably depend on epidemiologist and infectious disease ‚Äúexp‚Ä¶ https://t.co/0ll0zwxW6w,Thetwilightkid9,"New York, NY",0.0
589,Check out LKSIoV members Dr. Carmen Charlton and Dr. Graham Tipples‚Äôs recent pub ‚ÄúSerological responses to the firs‚Ä¶ https://t.co/TKGCdIirmP,LKSIoV,"Edmonton, Alberta, Canada",0.0
590,@jihadwatchRS This faith is a disease making its follower to act like mentally possesed. They don't care for others‚Ä¶ https://t.co/scrrPzP8Vq,ArjunPa49668232,,-0.1
591,cute groups going boygroup-core is a disease /lh,_heartpit,he it heart bunn,0.5
592,"@AyaJetman Tragic disease, causes a complete failure of Bofa",cahatstrophe,,-0.32222222222222224
593,"@ksorbs Ya, how dare they want to prevent her from dying of a preventable disease.",RantsandR,USA,0.0
594,ü§°disease potatoes in Northern Netherlands- 20 year cultivation ban. ü¶éü§°üëÄ https://t.co/mhuYesjjDz,52525252mm,,0.0
595,"New from #McGillSPOT Brossard-Racine ""Structural brain alterations and their associations with function in children‚Ä¶ https://t.co/EswIANn4jv",McGillRehab,"Montr√©al, Qu√©bec",0.13636363636363635
596,@RSpurs1980 @EstNorthLDN Mad cow disease imho,SalmonMurray,south coast,-0.37916666666666665
597,"@el_russo89 @CTVNews Vaccines reduce severity of disease, reduce hospital admissions and death. You might be fine b‚Ä¶ https://t.co/l1GLHBxldN",LarysaDub,,0.4166666666666667
598,"The disease is into andhra now 
Road map vachesindi https://t.co/ZWrwxzG7Ag",hameedsk381,,0.0
599,"@Tetreau42 @Carol02124292 @LeeMcQuitty @WeAreCanProud For example, they are slowly taking away people's rights to r‚Ä¶ https://t.co/SaD82mbOMh",wolfpack100000,,-0.30000000000000004
600,@DineshP73950713 @AmyStone2022 I appreciate your opinion on this movie. I am really sorry for that. But I really en‚Ä¶ https://t.co/443MVdLl09,raj_talegaonkar,"Bhandup East, Mumbai",-0.15
601,@DejaRu22 I WOULD ALLOW HIM TO MAUL ME SO I COULD BE FREE OF THE NERVE RAVAGING DISEASE THAT IS HERPES #herpes #hsv https://t.co/OSVmc51lQJ,UncleHerpes,,0.4
602,WaterAid scales up WASH facilities for disease prevention at Uganda/Congo border | The Guardian Nigeria News - Nige‚Ä¶ https://t.co/zk4E8CDqSp,GuardianNigeria,Nigeria,0.0
603,"@AimiKomori @Power2Control @googlenews I mean, *no* vaccine has ever been 100% effective at preventing the worst a‚Ä¶ https://t.co/CMBta1ajz4",shock_hazard,,-0.23750000000000002
604,"@Kevin_Maguire Racism? No, more like she stabbed a nation that gave her parents a home, allowed her to be educated.‚Ä¶ https://t.co/aqjDsm6trl",CliveSmartagain,"London, England",-0.25
605,Fibrocystic lung disease. Pulmonary fibrosis features are evident in peripheral distribution including honeycombing‚Ä¶ https://t.co/L2IWioyIlA,khaledzeid,"Cairo, Egypt",0.25
606,"Lot of people acting like my pinched nerve is some lyme disease bullshit.. ha ha... consider yourselves added to ""the list""",robinhatch,Toronto,0.0
607,@hafsakamran2 @BalajYoyo Infectious disease doc only present u x ray and he was with the staff .. special staff was‚Ä¶ https://t.co/2veuAx1Zzp,SadiaSh08895718,,0.11904761904761905
608,@POTUS You mean the vaccines that don‚Äôt prevent infection or the spread of the disease?  The vaccines you‚Äôre forcin‚Ä¶ https://t.co/iQpcNVJTgV,RdVonHugenstein,,-0.3125
609,"@RobWalterz @j_dangerfist @peta Yeh i‚Äôve had all of them, in that order actually. Well I didn‚Äôt because i dont work‚Ä¶ https://t.co/QK80BYBusQ",TheIDontThinkSo,Behind you,0.0
610,"If Tinubu was speaking this way since his adventure in politics, we would have related. But guy, these several spee‚Ä¶ https://t.co/UvXIPCYQeL",Riochudi,London,0.0
611,@sean_kearney @samual_clarke @KevinjDunbar666 @pinkheretic I also have the question of why a benevolent god would c‚Ä¶ https://t.co/8f14AuX8X5,MurphyYuiko,Anytown USA,0.0
612,@Tarunashree1 @anilbhatortho @DrAseemMalhotra @drericwestman @ifixhearts I don't disagree that Red meat has essenti‚Ä¶ https://t.co/RvJXubMWDm,srikarabs,A point on Earth,0.0
613,"@jorgan10s @RobertCooper58 No, they're haters. Hate is a disease. 
They truly HATE us.
I've complete disdain for these ""folks"",
NOT  HATE.",Mia_31955,,-0.275
614,"Forever to a textually transmitted disease.
ÿü?
ŸÜŸÖÿ¥€í

üîπW77üîπ
üîπW77üîπ
üîπW77üîπ",SCN4e,,0.0
615,"#ÂºÄ‰∫ë‰ΩìËÇ≤ Soundness, especially of body or mind; freedom from disease or abnormality https://t.co/40MtWSWwFs",jonkabs,,0.0
616,Dr. Gabor Mat√© On How Trauma Fuels Disease | Rich Roll Podcast https://t.co/pXpt26syT7 via @YouTube,Roxanne_Styx,,0.375
617,Metabolic syndrome or Pre-Diabetes has become so prevalent over the last decade It is now quite common for young pe‚Ä¶ https://t.co/qKcC9BXPh3,NeuropathyDoc,"Massachusetts, USA",-0.06666666666666667
618,@srikarabs @anilbhatortho The reason of India having highest incidence of heart disease is excessive grains consump‚Ä¶ https://t.co/GeagNFy2ON,Tarunashree1,"Udupi, India",-0.25
619,"In ancient Israel, illness and disease were regarded as God‚Äôs punishment for sins. If a child was born blind, for e‚Ä¶ https://t.co/r6uE6sQTil",Wondrium,(800) 832-2412,-0.5
620,"In the first century, malnutrition among citizens in Galilee led to chronic disease, blindness, and stunted growth.‚Ä¶ https://t.co/A1ntIRddrx",Wondrium,(800) 832-2412,0.25
621,"@carlaagatiello1 @DrSaritaRao2 it's very interesting thank you for the post, I talked about that in my thesis work,‚Ä¶ https://t.co/djsbr7tHnf",souissitarik1,"Rabat, CHU IBN SINA",0.65
622,"Public health a communicable sexual disease. It made things matter.
ÿü?
ŸÜŸÖÿ¥€í

üîπW77üîπ
üîπW77üîπ
üîπW77üîπ",mommybhad,,0.0
623,"@LassoTheMoon4 @SaltyCracker9 wikipedia is bullshit, try to never use it.
US Mil. Dr. Charles P. Larson said not a‚Ä¶ https://t.co/BNaNyvqX3p",CarlGustafM45,,0.0
